match_date,stage_name,team_name,converted
1982-07-08,semi-finals,West Germany,1
1982-07-08,semi-finals,West Germany,1
1982-07-08,semi-finals,West Germany,0
1982-07-08,semi-finals,West Germany,1
1982-07-08,semi-finals,West Germany,1
1982-07-08,semi-finals,West Germany,1
1982-07-08,semi-finals,France,1
1982-07-08,semi-finals,France,1
1982-07-08,semi-finals,France,1
1982-07-08,semi-finals,France,0
1982-07-08,semi-finals,France,1
1982-07-08,semi-finals,France,0
1986-06-21,quarter-finals,Brazil,0
1986-06-21,quarter-finals,Brazil,1
1986-06-21,quarter-finals,Brazil,1
1986-06-21,quarter-finals,Brazil,1
1986-06-21,quarter-finals,Brazil,0
1986-06-21,quarter-finals,France,1
1986-06-21,quarter-finals,France,1
1986-06-21,quarter-finals,France,1
1986-06-21,quarter-finals,France,0
1986-06-21,quarter-finals,France,1
1986-06-21,quarter-finals,West Germany,1
1986-06-21,quarter-finals,West Germany,1
1986-06-21,quarter-finals,West Germany,1
1986-06-21,quarter-finals,West Germany,1
1986-06-21,quarter-finals,Mexico,1
1986-06-21,quarter-finals,Mexico,0
1986-06-21,quarter-finals,Mexico,0
1986-06-22,quarter-finals,Spain,1
1986-06-22,quarter-finals,Spain,0
1986-06-22,quarter-finals,Spain,1
1986-06-22,quarter-finals,Spain,1
1986-06-22,quarter-finals,Spain,1
1986-06-22,quarter-finals,Belgium,1
1986-06-22,quarter-finals,Belgium,1
1986-06-22,quarter-finals,Belgium,1
1986-06-22,quarter-finals,Belgium,1
1986-06-22,quarter-finals,Belgium,1
1990-06-25,round of 16,Republic of Ireland,1
1990-06-25,round of 16,Republic of Ireland,1
1990-06-25,round of 16,Republic of Ireland,1
1990-06-25,round of 16,Republic of Ireland,1
1990-06-25,round of 16,Republic of Ireland,1
1990-06-25,round of 16,Romania,1
1990-06-25,round of 16,Romania,1
1990-06-25,round of 16,Romania,1
1990-06-25,round of 16,Romania,1
1990-06-25,round of 16,Romania,0
1990-06-30,quarter-finals,Argentina,1
1990-06-30,quarter-finals,Argentina,1
1990-06-30,quarter-finals,Argentina,0
1990-06-30,quarter-finals,Argentina,0
1990-06-30,quarter-finals,Argentina,1
1990-06-30,quarter-finals,Yugoslavia,0
1990-06-30,quarter-finals,Yugoslavia,1
1990-06-30,quarter-finals,Yugoslavia,1
1990-06-30,quarter-finals,Yugoslavia,0
1990-06-30,quarter-finals,Yugoslavia,0
1990-07-03,semi-finals,Argentina,1
1990-07-03,semi-finals,Argentina,1
1990-07-03,semi-finals,Argentina,1
1990-07-03,semi-finals,Argentina,1
1990-07-03,semi-finals,Italy,1
1990-07-03,semi-finals,Italy,1
1990-07-03,semi-finals,Italy,1
1990-07-03,semi-finals,Italy,0
1990-07-03,semi-finals,Italy,0
1990-07-04,semi-finals,West Germany,1
1990-07-04,semi-finals,West Germany,1
1990-07-04,semi-finals,West Germany,1
1990-07-04,semi-finals,West Germany,1
1990-07-04,semi-finals,England,1
1990-07-04,semi-finals,England,1
1990-07-04,semi-finals,England,1
1990-07-04,semi-finals,England,0
1990-07-04,semi-finals,England,0
1994-07-05,round of 16,Mexico,0
1994-07-05,round of 16,Mexico,0
1994-07-05,round of 16,Mexico,0
1994-07-05,round of 16,Mexico,1
1994-07-05,round of 16,Bulgaria,0
1994-07-05,round of 16,Bulgaria,1
1994-07-05,round of 16,Bulgaria,1
1994-07-05,round of 16,Bulgaria,1
1994-07-10,quarter-finals,Romania,1
1994-07-10,quarter-finals,Romania,1
1994-07-10,quarter-finals,Romania,1
1994-07-10,quarter-finals,Romania,0
1994-07-10,quarter-finals,Romania,1
1994-07-10,quarter-finals,Romania,0
1994-07-10,quarter-finals,Sweden,0
1994-07-10,quarter-finals,Sweden,1
1994-07-10,quarter-finals,Sweden,1
1994-07-10,quarter-finals,Sweden,1
1994-07-10,quarter-finals,Sweden,1
1994-07-10,quarter-finals,Sweden,1
1994-07-17,final,Brazil,0
1994-07-17,final,Brazil,1
1994-07-17,final,Brazil,1
1994-07-17,final,Brazil,1
1994-07-17,final,Italy,0
1994-07-17,final,Italy,1
1994-07-17,final,Italy,1
1994-07-17,final,Italy,0
1994-07-17,final,Italy,0
1995-06-13,quarter-final,Sweden,0
1995-06-13,quarter-final,Sweden,1
1995-06-13,quarter-final,Sweden,1
1995-06-13,quarter-final,Sweden,1
1995-06-13,quarter-final,Sweden,0
1995-06-13,quarter-final,China,1
1995-06-13,quarter-final,China,1
1995-06-13,quarter-final,China,1
1995-06-13,quarter-final,China,1
1995-06-13,quarter-final,China,0
1998-06-30,round of 16,Argentina,1
1998-06-30,round of 16,Argentina,0
1998-06-30,round of 16,Argentina,1
1998-06-30,round of 16,Argentina,1
1998-06-30,round of 16,Argentina,1
1998-06-30,round of 16,England,1
1998-06-30,round of 16,England,0
1998-06-30,round of 16,England,1
1998-06-30,round of 16,England,1
1998-06-30,round of 16,England,0
1998-07-03,quarter-finals,Italy,1
1998-07-03,quarter-finals,Italy,0
1998-07-03,quarter-finals,Italy,1
1998-07-03,quarter-finals,Italy,1
1998-07-03,quarter-finals,Italy,0
1998-07-03,quarter-finals,France,1
1998-07-03,quarter-finals,France,0
1998-07-03,quarter-finals,France,1
1998-07-03,quarter-finals,France,1
1998-07-03,quarter-finals,France,1
1998-07-07,semi-finals,Brazil,1
1998-07-07,semi-finals,Brazil,1
1998-07-07,semi-finals,Brazil,1
1998-07-07,semi-finals,Brazil,1
1998-07-07,semi-finals,Netherlands,1
1998-07-07,semi-finals,Netherlands,1
1998-07-07,semi-finals,Netherlands,0
1998-07-07,semi-finals,Netherlands,0
1999-07-10,third-place match,Brazil,0
1999-07-10,third-place match,Brazil,1
1999-07-10,third-place match,Brazil,1
1999-07-10,third-place match,Brazil,1
1999-07-10,third-place match,Brazil,1
1999-07-10,third-place match,Brazil,1
1999-07-10,third-place match,Norway,1
1999-07-10,third-place match,Norway,1
1999-07-10,third-place match,Norway,0
1999-07-10,third-place match,Norway,1
1999-07-10,third-place match,Norway,1
1999-07-10,third-place match,Norway,0
1999-07-10,final,United States,1
1999-07-10,final,United States,1
1999-07-10,final,United States,1
1999-07-10,final,United States,1
1999-07-10,final,United States,1
1999-07-10,final,China,1
1999-07-10,final,China,1
1999-07-10,final,China,0
1999-07-10,final,China,1
1999-07-10,final,China,1
2002-06-16,round of 16,Spain,1
2002-06-16,round of 16,Spain,1
2002-06-16,round of 16,Spain,0
2002-06-16,round of 16,Spain,0
2002-06-16,round of 16,Spain,1
2002-06-16,round of 16,Republic of Ireland,1
2002-06-16,round of 16,Republic of Ireland,0
2002-06-16,round of 16,Republic of Ireland,0
2002-06-16,round of 16,Republic of Ireland,0
2002-06-16,round of 16,Republic of Ireland,1
2002-06-22,quarter-finals,Spain,1
2002-06-22,quarter-finals,Spain,1
2002-06-22,quarter-finals,Spain,1
2002-06-22,quarter-finals,Spain,0
2002-06-22,quarter-finals,Korea Republic,1
2002-06-22,quarter-finals,Korea Republic,1
2002-06-22,quarter-finals,Korea Republic,1
2002-06-22,quarter-finals,Korea Republic,1
2002-06-22,quarter-finals,Korea Republic,1
2006-06-26,round of 16,Switzerland,0
2006-06-26,round of 16,Switzerland,0
2006-06-26,round of 16,Switzerland,0
2006-06-26,round of 16,Ukraine,0
2006-06-26,round of 16,Ukraine,1
2006-06-26,round of 16,Ukraine,1
2006-06-26,round of 16,Ukraine,1
2006-06-30,quarter-finals,Germany,1
2006-06-30,quarter-finals,Germany,1
2006-06-30,quarter-finals,Germany,1
2006-06-30,quarter-finals,Germany,1
2006-06-30,quarter-finals,Argentina,1
2006-06-30,quarter-finals,Argentina,0
2006-06-30,quarter-finals,Argentina,1
2006-06-30,quarter-finals,Argentina,0
2006-07-01,quarter-finals,England,0
2006-07-01,quarter-finals,England,1
2006-07-01,quarter-finals,England,0
2006-07-01,quarter-finals,England,0
2006-07-01,quarter-finals,Portugal,1
2006-07-01,quarter-finals,Portugal,0
2006-07-01,quarter-finals,Portugal,0
2006-07-01,quarter-finals,Portugal,1
2006-07-01,quarter-finals,Portugal,1
2006-07-09,final,Italy,1
2006-07-09,final,Italy,1
2006-07-09,final,Italy,1
2006-07-09,final,Italy,1
2006-07-09,final,Italy,1
2006-07-09,final,France,1
2006-07-09,final,France,0
2006-07-09,final,France,1
2006-07-09,final,France,1
2010-06-29,round of 16,Paraguay,1
2010-06-29,round of 16,Paraguay,1
2010-06-29,round of 16,Paraguay,1
2010-06-29,round of 16,Paraguay,1
2010-06-29,round of 16,Paraguay,1
2010-06-29,round of 16,Japan,1
2010-06-29,round of 16,Japan,1
2010-06-29,round of 16,Japan,0
2010-06-29,round of 16,Japan,1
2010-07-02,quarter-finals,Uruguay,1
2010-07-02,quarter-finals,Uruguay,1
2010-07-02,quarter-finals,Uruguay,1
2010-07-02,quarter-finals,Uruguay,0
2010-07-02,quarter-finals,Uruguay,1
2010-07-02,quarter-finals,Ghana,1
2010-07-02,quarter-finals,Ghana,1
2010-07-02,quarter-finals,Ghana,0
2010-07-02,quarter-finals,Ghana,0
2011-07-09,quarter-final,England,1
2011-07-09,quarter-final,England,1
2011-07-09,quarter-final,England,1
2011-07-09,quarter-final,England,0
2011-07-09,quarter-final,England,0
2011-07-09,quarter-final,France,0
2011-07-09,quarter-final,France,1
2011-07-09,quarter-final,France,1
2011-07-09,quarter-final,France,1
2011-07-09,quarter-final,France,1
2011-07-10,quarter-final,Brazil,1
2011-07-10,quarter-final,Brazil,1
2011-07-10,quarter-final,Brazil,0
2011-07-10,quarter-final,Brazil,1
2011-07-10,quarter-final,United States,1
2011-07-10,quarter-final,United States,1
2011-07-10,quarter-final,United States,1
2011-07-10,quarter-final,United States,1
2011-07-10,quarter-final,United States,1
2011-07-17,final,Japan,1
2011-07-17,final,Japan,0
2011-07-17,final,Japan,1
2011-07-17,final,Japan,1
2011-07-17,final,United States,0
2011-07-17,final,United States,0
2011-07-17,final,United States,0
2011-07-17,final,United States,1
2014-06-28,round of 16,Brazil,1
2014-06-28,round of 16,Brazil,0
2014-06-28,round of 16,Brazil,1
2014-06-28,round of 16,Brazil,0
2014-06-28,round of 16,Brazil,1
2014-06-28,round of 16,Chile,0
2014-06-28,round of 16,Chile,0
2014-06-28,round of 16,Chile,1
2014-06-28,round of 16,Chile,1
2014-06-28,round of 16,Chile,0
2014-06-29,round of 16,Costa Rica,1
2014-06-29,round of 16,Costa Rica,1
2014-06-29,round of 16,Costa Rica,1
2014-06-29,round of 16,Costa Rica,1
2014-06-29,round of 16,Costa Rica,1
2014-06-29,round of 16,Greece,1
2014-06-29,round of 16,Greece,1
2014-06-29,round of 16,Greece,1
2014-06-29,round of 16,Greece,0
2014-07-05,quarter-finals,Netherlands,1
2014-07-05,quarter-finals,Netherlands,1
2014-07-05,quarter-finals,Netherlands,1
2014-07-05,quarter-finals,Netherlands,1
2014-07-05,quarter-finals,Costa Rica,1
2014-07-05,quarter-finals,Costa Rica,0
2014-07-05,quarter-finals,Costa Rica,1
2014-07-05,quarter-finals,Costa Rica,1
2014-07-05,quarter-finals,Costa Rica,0
2014-07-09,semi-finals,Netherlands,0
2014-07-09,semi-finals,Netherlands,1
2014-07-09,semi-finals,Netherlands,0
2014-07-09,semi-finals,Netherlands,1
2014-07-09,semi-finals,Argentina,1
2014-07-09,semi-finals,Argentina,1
2014-07-09,semi-finals,Argentina,1
2014-07-09,semi-finals,Argentina,1
2015-06-26,quarter-final,Germany,1
2015-06-26,quarter-final,Germany,1
2015-06-26,quarter-final,Germany,1
2015-06-26,quarter-final,Germany,1
2015-06-26,quarter-final,Germany,1
2015-06-26,quarter-final,France,1
2015-06-26,quarter-final,France,1
2015-06-26,quarter-final,France,1
2015-06-26,quarter-final,France,1
2015-06-26,quarter-final,France,0
2018-07-01,round of 16,Spain,1
2018-07-01,round of 16,Spain,1
2018-07-01,round of 16,Spain,0
2018-07-01,round of 16,Spain,1
2018-07-01,round of 16,Spain,0
2018-07-01,round of 16,Russia,1
2018-07-01,round of 16,Russia,1
2018-07-01,round of 16,Russia,1
2018-07-01,round of 16,Russia,1
2018-07-01,round of 16,Croatia,0
2018-07-01,round of 16,Croatia,1
2018-07-01,round of 16,Croatia,1
2018-07-01,round of 16,Croatia,0
2018-07-01,round of 16,Croatia,1
2018-07-01,round of 16,Denmark,0
2018-07-01,round of 16,Denmark,1
2018-07-01,round of 16,Denmark,1
2018-07-01,round of 16,Denmark,0
2018-07-01,round of 16,Denmark,0
2018-07-03,round of 16,Colombia,1
2018-07-03,round of 16,Colombia,1
2018-07-03,round of 16,Colombia,1
2018-07-03,round of 16,Colombia,0
2018-07-03,round of 16,Colombia,0
2018-07-03,round of 16,England,1
2018-07-03,round of 16,England,1
2018-07-03,round of 16,England,0
2018-07-03,round of 16,England,1
2018-07-03,round of 16,England,1
2018-07-07,quarter-finals,Russia,0
2018-07-07,quarter-finals,Russia,1
2018-07-07,quarter-finals,Russia,0
2018-07-07,quarter-finals,Russia,1
2018-07-07,quarter-finals,Russia,1
2018-07-07,quarter-finals,Croatia,1
2018-07-07,quarter-finals,Croatia,0
2018-07-07,quarter-finals,Croatia,1
2018-07-07,quarter-finals,Croatia,1
2018-07-07,quarter-finals,Croatia,1
2019-06-22,round of 16,Norway,1
2019-06-22,round of 16,Norway,1
2019-06-22,round of 16,Norway,1
2019-06-22,round of 16,Norway,1
2019-06-22,round of 16,Australia,0
2019-06-22,round of 16,Australia,0
2019-06-22,round of 16,Australia,1
2022-12-05,round of 16,Japan,0
2022-12-05,round of 16,Japan,0
2022-12-05,round of 16,Japan,1
2022-12-05,round of 16,Japan,0
2022-12-05,round of 16,Croatia,1
2022-12-05,round of 16,Croatia,1
2022-12-05,round of 16,Croatia,0
2022-12-05,round of 16,Croatia,1
2022-12-06,round of 16,Morocco,1
2022-12-06,round of 16,Morocco,1
2022-12-06,round of 16,Morocco,0
2022-12-06,round of 16,Morocco,1
2022-12-06,round of 16,Spain,0
2022-12-06,round of 16,Spain,0
2022-12-06,round of 16,Spain,0
2022-12-09,quarter-finals,Croatia,1
2022-12-09,quarter-finals,Croatia,1
2022-12-09,quarter-finals,Croatia,1
2022-12-09,quarter-finals,Croatia,1
2022-12-09,quarter-finals,Brazil,0
2022-12-09,quarter-finals,Brazil,1
2022-12-09,quarter-finals,Brazil,1
2022-12-09,quarter-finals,Brazil,0
2022-12-09,quarter-finals,Netherlands,0
2022-12-09,quarter-finals,Netherlands,0
2022-12-09,quarter-finals,Netherlands,1
2022-12-09,quarter-finals,Netherlands,1
2022-12-09,quarter-finals,Netherlands,1
2022-12-09,quarter-finals,Argentina,1
2022-12-09,quarter-finals,Argentina,1
2022-12-09,quarter-finals,Argentina,1
2022-12-09,quarter-finals,Argentina,0
2022-12-09,quarter-finals,Argentina,1
2022-12-18,final,Argentina,1
2022-12-18,final,Argentina,1
2022-12-18,final,Argentina,1
2022-12-18,final,Argentina,1
2022-12-18,final,France,1
2022-12-18,final,France,0
2022-12-18,final,France,0
2022-12-18,final,France,1
