2022	01	01	ID	TH	2	2	SEA	SG	10	1218	1383	+1	−3	155	106
2022	01	02	SD	ZW	0	0	F	CM	0	1308	1311	0	0	131	130
2022	01	02	BF	GA	3	0	F	AE	11	1571	1403	0	−3	67	101
2022	01	03	RW	GN	3	0	F		20	1281	1383	+7	−4	137	105
2022	01	04	GA	MR	1	1	F	AE	-1	1402	1352	0	0	101	115
2022	01	05	DZ	GH	3	0	F	QA	8	1806	1592	0	−1	26	64
2022	01	06	RW	GN	0	2	F		-15	1266	1398	−6	+3	143	102
2022	01	09	CV	ET	1	0	AR	CM	17	1484	1330	+1	−3	86	121
2022	01	09	CM	BF	2	1	AR		16	1623	1555	+3	0	58	67
2022	01	10	SN	ZW	1	0	AR	CM	5	1707	1306	0	−2	42	132
2022	01	10	MA	GH	1	0	AR	CM	14	1778	1578	+1	−2	30	66
2022	01	10	GN	MW	1	0	AR	CM	17	1415	1263	+3	−6	99	143
2022	01	10	GA	KM	1	0	AR	CM	14	1416	1230	+3	−2	98	151
2022	01	11	NG	EG	1	0	AR	CM	26	1669	1633	+5	−3	47	53
2022	01	11	GW	SD	0	0	AR	CM	-6	1382	1314	−3	+1	106	129
2022	01	11	DZ	SL	0	0	AR	CM	-22	1784	1355	−2	+6	28	113
2022	01	12	IS	UG	1	1	F	TR	-2	1543	1460	0	+1	71	88
2022	01	12	ML	TN	1	0	AR	CM	27	1642	1611	+9	−9	52	61
2022	01	12	CI	GQ	1	0	AR	CM	11	1657	1416	0	−2	51	97
2022	01	12	GM	MR	1	0	AR	CM	25	1376	1327	+9	−6	108	122
2022	01	13	CM	ET	4	1	AR		8	1631	1322	+4	−5	54	125
2022	01	13	BF	CV	1	0	AR	CM	20	1575	1464	0	−1	67	87
2022	01	14	MA	KM	2	0	AR	CM	3	1781	1227	0	−1	30	152
2022	01	14	MW	ZW	2	1	AR	CM	28	1291	1278	+7	−6	136	138
2022	01	14	GN	SN	0	0	AR	CM	17	1432	1690	+6	−1	93	43
2022	01	14	GA	GH	1	1	AR	CM	11	1427	1567	+1	−1	96	67
2022	01	15	KR	IS	5	1	F	TR	7	1796	1536	+1	0	26	71
2022	01	15	NG	SD	3	1	AR	CM	9	1678	1305	+2	−2	45	131
2022	01	15	EG	GW	1	0	AR	CM	10	1643	1372	+1	−3	52	109
2022	01	16	TN	MR	4	0	AR	CM	15	1626	1312	+3	−8	58	129
2022	01	16	CI	SL	2	2	AR	CM	-18	1639	1373	−1	+6	52	108
2022	01	16	GM	ML	1	1	AR	CM	16	1392	1626	+4	−5	103	58
2022	01	16	GQ	DZ	1	0	AR	CM	45	1461	1739	+11	−5	88	33
2022	01	16	PE	PA	1	1	F		-7	1828	1633	−2	+5	23	53
2022	01	16	CO	HN	2	1	F	US	2	1906	1493	0	0	13	84
2022	01	17	CM	CV	1	1	AR		-16	1615	1480	−7	+1	61	86
2022	01	17	BF	ET	1	1	AR	CM	-16	1559	1338	−1	+5	67	119
2022	01	18	UG	MD	3	2	F	TR	3	1463	1186	+1	0	88	161
2022	01	18	ZW	GN	2	1	AR	CM	35	1313	1397	+10	−8	128	102
2022	01	18	MW	SN	0	0	AR	CM	20	1311	1670	+5	−3	131	46
2022	01	18	GA	MA	2	2	AR	CM	19	1446	1762	+4	−1	93	30
2022	01	18	KM	GH	3	2	AR	CM	44	1271	1523	+12	−10	140	76
2022	01	19	NG	GW	2	0	AR	CM	11	1689	1361	+1	−3	43	113
2022	01	19	EG	SD	1	0	AR	CM	6	1649	1299	0	−1	51	134
2022	01	20	ML	MR	2	0	AR	CM	11	1637	1301	+4	−3	53	133
2022	01	20	CI	DZ	3	1	AR	CM	48	1687	1691	+8	−9	44	42
2022	01	20	GM	TN	1	0	AR	CM	40	1432	1586	+8	−6	95	63
2022	01	20	GQ	SL	1	0	AR	CM	19	1480	1354	+3	−6	86	114
2022	01	20	PE	JM	3	0	F		4	1832	1583	0	−1	23	65
2022	01	21	KR	MD	4	0	F	TR	1	1797	1185	0	0	26	161
2022	01	21	IQ	UG	1	0	F		5	1556	1458	0	−1	67	90
2022	01	21	BO	TT	5	0	F		3	1695	1364	0	0	41	111
2022	01	23	TN	NG	1	0	AR	CM	32	1618	1657	+5	−8	58	51
2022	01	23	BF	GA	1	1	AR	CM	-8	1551	1454	−1	+1	67	92
2022	01	24	GM	GN	1	0	AR	CM	22	1454	1375	+3	−4	92	107
2022	01	24	CM	KM	2	1	AR		4	1619	1267	+3	−2	58	142
2022	01	25	SN	CV	2	0	AR	CM	19	1689	1461	+3	−2	43	88
2022	01	25	MA	MW	2	1	AR	CM	3	1765	1308	0	0	30	130
2022	01	26	GQ	ML	0	0	AR	CM	11	1491	1626	+1	−4	85	57
2022	01	26	EG	CI	0	0	AR	CM	3	1652	1684	0	0	52	44
2022	01	27	UZ	SS	3	0	F	AE	3	1527	1082	+2	0	73	180
2022	01	27	ID	TL	4	1	F		1	1219	625	0	0	155	229
2022	01	27	BH	UG	3	1	F		9	1515	1449	+2	−4	78	94
2022	01	27	AI	VG	2	1	F	EN	11	566	590	+2	0	234	231
2022	01	27	AE	SY	2	0	WQ		17	1506	1411	+5	−2	81	99
2022	01	27	SA	OM	1	0	WQ		9	1639	1517	+1	−3	53	76
2022	01	27	LB	KR	0	1	WQ		-6	1379	1803	−1	0	105	26
2022	01	27	JP	CN	2	0	WQ		7	1767	1499	+2	−2	30	82
2022	01	27	IR	IQ	1	0	WQ		4	1842	1552	0	0	20	66
2022	01	27	AU	VN	4	0	WQ		4	1740	1337	0	−1	33	119
2022	01	27	US	SV	1	0	WQ		3	1861	1496	−1	−2	15	84
2022	01	27	JM	MX	1	2	WQ		-12	1571	1851	0	+1	65	18
2022	01	27	HN	CA	0	2	WQ		-15	1478	1799	−2	+1	86	27
2022	01	27	CR	PA	1	0	WQ		15	1632	1618	+6	−6	54	59
2022	01	27	PY	UY	0	1	WQ		-19	1710	1866	−4	+3	40	14
2022	01	27	EC	BR	1	1	WQ		10	1859	2139	0	0	16	1
2022	01	27	CL	AR	1	2	WQ		-9	1784	2110	−1	0	28	3
2022	01	28	SR	BB	1	0	FT		3	1336	1075	0	0	120	181
2022	01	28	JO	NZ	3	1	F	AE	15	1544	1513	+1	−7	70	79
2022	01	28	VE	BO	4	1	WQ		27	1704	1668	+5	−6	41	47
2022	01	28	CO	PE	0	1	WQ		-29	1877	1861	0	+8	13	15
2022	01	29	NI	BZ	4	0	F		9	1239	1117	+1	0	151	177
2022	01	29	NP	MU	1	0	F		9	948	997	0	−1	194	189
2022	01	29	KW	LY	2	0	F		9	1382	1320	+3	−6	105	127
2022	01	29	CM	GM	2	0	AR		13	1632	1441	+4	−3	54	94
2022	01	29	BF	TN	1	0	AR	CM	30	1581	1588	+2	−4	65	63
2022	01	30	ID	TL	3	0	F		1	1220	624	0	0	155	229
2022	01	30	BB	GY	0	0	FT	SR	3	1078	1140	0	−1	181	173
2022	01	30	SN	GQ	3	1	AR	CM	18	1707	1473	+2	0	41	85
2022	01	30	EG	MA	2	1	AR	CM	33	1685	1732	+8	−2	44	33
2022	01	30	PA	JM	3	2	WQ		12	1630	1559	+3	0	56	66
2022	01	30	MX	CR	0	0	WQ		-15	1836	1647	−1	+1	20	53
2022	01	30	HN	SV	0	2	WQ		-37	1441	1533	−7	+12	93	72
2022	01	30	CA	US	2	0	WQ		27	1826	1834	+3	−7	24	22
2022	01	31	JO	SS	2	1	F	AE	1	1545	1081	0	0	70	180
2022	02	01	SR	GY	2	1	FT		5	1341	1135	0	−2	120	175
2022	02	01	NI	BZ	1	1	F		-6	1233	1123	0	0	151	177
2022	02	01	NP	MU	1	0	F		9	957	988	+1	−1	193	190
2022	02	01	KW	LY	0	2	F		-22	1360	1342	−8	+8	113	119
2022	02	01	BH	CD	1	0	F		7	1522	1503	+1	0	77	81
2022	02	01	VN	CN	3	1	WQ		35	1372	1464	+11	−3	108	86
2022	02	01	KR	SY	2	0	WQ	AE	6	1809	1405	0	−1	27	100
2022	02	01	OM	AU	2	2	WQ		7	1524	1733	+1	0	75	32
2022	02	01	LB	IQ	1	1	WQ		4	1383	1548	+2	0	104	67
2022	02	01	JP	SA	2	0	WQ		13	1780	1626	+1	−4	29	58
2022	02	01	IR	AE	1	0	WQ		3	1845	1503	0	+1	19	81
2022	02	01	UY	VE	4	1	WQ		13	1879	1691	+1	0	13	42
2022	02	01	PE	EC	1	1	WQ		-6	1855	1865	−2	+1	17	15
2022	02	01	BR	PY	4	0	WQ		3	2142	1707	0	0	1	40
2022	02	01	BO	CL	2	3	WQ		-19	1649	1803	−4	0	52	28
2022	02	01	AR	CO	1	0	WQ		5	2115	1872	+1	−1	2	14
2022	02	02	SN	BF	3	1	AR	CM	24	1731	1557	+5	0	35	65
2022	02	02	US	HN	3	0	WQ		4	1838	1437	0	−2	22	95
2022	02	02	MX	PA	1	0	WQ		6	1842	1624	0	−4	20	59
2022	02	02	JM	CR	0	1	WQ		-21	1538	1668	−4	+5	70	48
2022	02	02	SV	CA	0	2	WQ		-15	1518	1841	−5	+3	77	21
2022	02	03	CM	EG	0	0	AR		-3	1629	1688	−1	0	55	44
2022	02	05	CM	BF	3	3	AR		-11	1618	1568	−4	0	59	65
2022	02	06	EG	SN	0	0	AR	CM	3	1691	1728	+2	−2	42	37
2022	02	13	MF	AI	1	2	F		-18	835	584	0	+2	208	232
2022	02	19	GU	MP	2	0	F		3	705	407	0	0	217	242
2022	02	22	MQ	BB	3	1	F		3	1389	1075	0	0	103	181
2022	02	22	GU	MP	3	2	F		2	707	405	0	0	217	242
2022	03	08	SW	LS	0	0	F		-4	1238	1203	+4	−2	146	160
2022	03	08	SW	LS	4	0	F		12	1250	1191	+4	−2	146	160
2022	03	10	FJ	VU	3	0	F	QA	15	1242	1157	+2	−4	151	167
2022	03	17	SB	CK	2	0	WQ	QA	4	1161	681	0	−1	167	222
2022	03	18	IQ	ZM	3	1	F		6	1554	1418	0	0	66	98
2022	03	18	NZ	PG	1	0	WQ	QA	4	1517	1146	+2	−1	78	170
2022	03	18	FJ	NC	2	1	WQ	QA	21	1263	1246	+7	−5	144	147
2022	03	19	MU	SC	0	0	F		-5	983	901	0	0	190	200
2022	03	21	PG	NC	1	0	WQ	QA	26	1172	1220	+7	−7	163	154
2022	03	21	NZ	FJ	4	0	WQ	QA	14	1531	1249	+6	−2	72	146
2022	03	23	TZ	CF	3	1	FT		14	1322	1254	+5	−5	125	145
2022	03	23	MZ	NE	1	1	FT	MR	-2	1302	1248	0	0	132	147
2022	03	23	MY	PH	2	0	FT	SG	22	1169	1112	+5	−1	165	177
2022	03	23	LA	MN	1	0	F		10	673	759	+1	−1	225	213
2022	03	23	GW	GQ	3	0	FT	PT	34	1395	1439	+9	−10	103	94
2022	03	23	GI	GD	0	0	F		0	1047	1136	0	0	185	174
2022	03	23	CV	GP	2	0	F	FR	6	1467	1206	+2	0	85	156
2022	03	23	BH	IN	2	1	F		2	1524	1206	+2	+1	75	156
2022	03	23	SS	DJ	4	2	FQ	EG	15	1096	869	+1	−2	179	204
2022	03	23	LS	SC	0	0	FQ	MU	-14	1177	915	−1	+4	161	196
2022	03	23	GM	TD	1	0	FQ	CM	7	1448	1171	+1	−1	92	163
2022	03	23	SW	SO	3	0	FQ	TZ	9	1259	900	+1	−4	144	200
2022	03	24	TG	SL	3	0	F	TR	19	1341	1335	+8	−7	117	122
2022	03	24	TH	NP	2	0	F		1	1384	956	0	−1	105	194
2022	03	24	SQ	PL	1	1	F		-2	1727	1771	0	0	36	30
2022	03	24	MV	BD	2	0	F		9	913	849	+1	0	197	207
2022	03	24	KO	BF	5	0	F		20	1491	1548	+1	−1	83	66
2022	03	24	HU	RS	0	1	F		-9	1716	1855	−1	+2	40	16
2022	03	24	GT	CU	1	0	F		3	1462	1272	0	0	87	139
2022	03	24	BJ	LR	4	0	F	TR	14	1454	1339	+4	−4	89	120
2022	03	24	AM	ME	1	0	F		8	1506	1506	+3	0	80	80
2022	03	24	MU	ST	0	1	FQ		-21	962	1084	−2	+1	192	181
2022	03	24	VN	OM	0	1	WQ		-17	1355	1541	−5	+4	114	71
2022	03	24	KR	IR	2	0	WQ		25	1834	1820	+5	−5	22	24
2022	03	24	LB	SY	0	3	WQ		-43	1340	1448	−14	+6	119	94
2022	03	24	IQ	AE	1	0	WQ	SA	17	1571	1486	+1	−3	65	84
2022	03	24	CN	SA	1	1	WQ	AE	9	1473	1617	+1	−2	85	58
2022	03	24	AU	JP	0	2	WQ		-35	1698	1815	−9	+1	41	28
2022	03	24	SB	TI	3	1	WQ	QA	33	1194	1159	+9	−10	160	169
2022	03	24	PG	FJ	2	1	WQ	QA	24	1196	1225	+3	−6	159	152
2022	03	24	NZ	NC	7	1	WQ	QA	12	1543	1208	+2	−1	70	155
2022	03	24	MD	KZ	1	2	ENC		-16	1169	1365	−4	+8	164	110
2022	03	24	EE	CY	0	0	ENC		-12	1417	1304	−3	+4	99	132
2022	03	24	WA	AT	2	1	WQ		9	1844	1722	+6	−2	17	37
2022	03	24	SE	CZ	1	0	WQ		15	1836	1818	+5	−1	20	25
2022	03	24	PT	TR	3	1	WQ		7	1979	1719	0	−1	8	39
2022	03	24	IT	NM	0	1	WQ		-38	1992	1668	0	+5	7	49
2022	03	24	JM	SV	1	1	WQ		-7	1531	1525	−3	+2	73	76
2022	03	24	PA	HN	1	1	WQ		-14	1610	1451	−2	+3	60	92
2022	03	24	MX	US	0	0	WQ		-6	1836	1844	0	+5	20	17
2022	03	24	CR	CA	1	0	WQ		24	1692	1817	+6	−5	42	26
2022	03	24	UY	PE	1	0	WQ		13	1892	1842	0	−2	13	19
2022	03	24	PY	EC	3	1	WQ		35	1742	1830	+9	−8	32	23
2022	03	24	CO	BO	3	0	WQ		9	1881	1640	0	−1	14	54
2022	03	24	BR	CL	4	0	WQ		6	2148	1797	0	−1	1	29
2022	03	25	ZM	CG	3	1	F	TR	11	1429	1302	+1	−3	97	132
2022	03	25	UZ	KG	3	1	NRZ		5	1532	1275	+1	−1	73	139
2022	03	25	TT	BB	9	0	CCL		7	1371	1068	+2	0	109	182
2022	03	25	TJ	UG	1	1	NRZ	UZ	7	1270	1442	+2	−2	141	95
2022	03	25	SM	LT	1	2	F		-2	791	1324	0	+2	209	124
2022	03	25	RO	GR	0	1	F		-13	1653	1683	−2	+2	53	46
2022	03	25	NO	SK	2	0	F		8	1740	1659	0	−1	33	51
2022	03	25	MT	AZ	1	0	F		10	1242	1311	+1	−1	150	129
2022	03	25	LU	EI	1	3	F		-11	1395	1613	−2	+2	102	59
2022	03	25	KW	LV	1	1	F	MT	-1	1359	1328	0	0	112	123
2022	03	25	GN	ZA	0	0	F	BE	5	1380	1542	+1	−2	106	70
2022	03	25	FR	CI	2	1	F		1	2115	1683	0	0	3	46
2022	03	25	KM	ET	2	1	F		9	1276	1329	+3	−1	138	122
2022	03	25	CV	LI	6	0	F	ES	4	1471	1089	0	0	86	180
2022	03	25	BA	GE	0	1	F		-14	1586	1562	−1	0	63	66
2022	03	25	AD	KN	1	0	F		11	1068	1186	+1	−2	182	160
2022	03	25	ML	TN	0	1	WQ		-28	1598	1616	−5	+6	61	57
2022	03	25	GH	NG	0	0	WQ		2	1525	1655	+2	+1	76	52
2022	03	25	EG	SN	1	0	WQ		16	1707	1712	+1	−6	42	41
2022	03	25	CD	MA	1	1	WQ		7	1510	1725	+2	−2	80	35
2022	03	25	CM	DZ	0	1	WQ		-22	1596	1713	−5	+3	62	40
2022	03	25	AR	VE	3	0	WQ		3	2118	1688	0	−2	2	45
2022	03	26	ES	AL	2	1	F		1	2037	1585	0	−1	5	64
2022	03	26	SG	MY	2	1	FT		14	1115	1155	+1	−6	177	170
2022	03	26	MF	BS	2	0	F		12	847	850	0	−1	208	206
2022	03	26	QA	BG	2	1	F		4	1668	1513	+1	0	49	79
2022	03	26	NL	DK	4	2	F		11	1940	1925	+2	−2	10	12
2022	03	26	MR	MZ	2	1	FT		11	1312	1291	+5	−5	129	137
2022	03	26	MQ	GP	4	3	F	FR	5	1394	1201	+1	0	103	156
2022	03	26	LY	NE	2	1	FT	MR	11	1353	1237	+1	−4	115	150
2022	03	26	IE	BE	2	2	F		7	1689	2067	+3	0	45	4
2022	03	26	GI	FO	0	0	F		3	1050	1242	0	0	185	148
2022	03	26	DE	IL	2	0	F		2	1964	1627	0	0	9	55
2022	03	26	FI	IS	1	1	F	ES	-5	1717	1541	−2	+1	38	71
2022	03	26	EN	CH	2	1	F		5	2036	1928	0	0	6	11
2022	03	26	HR	SI	1	1	F	QA	-6	1852	1622	−1	+1	16	56
2022	03	26	CF	SD	0	0	FT	TZ	2	1256	1297	0	+1	145	134
2022	03	26	BY	IN	3	0	F	BH	7	1459	1199	+3	−1	88	157
2022	03	26	BH	BI	1	0	F		2	1526	1243	+3	+1	75	147
2022	03	26	AO	GW	3	2	FT	PT	17	1376	1378	+4	−5	108	107
2022	03	27	TH	SR	1	0	F		6	1390	1335	0	−3	104	120
2022	03	27	SL	LR	1	0	F	TR	10	1345	1329	+4	−1	117	121
2022	03	27	LA	BN	3	2	F		6	679	617	+2	0	223	230
2022	03	27	GY	BB	5	0	CCL	TT	24	1159	1044	+7	−3	168	185
2022	03	27	GT	HT	2	1	F	US	12	1474	1514	+2	−2	85	77
2022	03	27	BJ	ZM	2	1	F	TR	9	1463	1420	+2	−1	88	98
2022	03	27	BZ	CU	0	3	F		-15	1108	1287	−2	+2	178	138
2022	03	27	SS	DJ	1	0	FQ	UG	9	1105	860	0	−1	179	205
2022	03	27	MU	ST	3	3	FQ		1	963	1083	+1	0	191	181
2022	03	27	LS	SC	3	1	FQ	ZA	11	1188	904	+2	−2	159	198
2022	03	27	SW	SO	2	1	FQ	ZA	4	1263	896	0	0	144	200
2022	03	27	SB	PG	3	2	WQ	QA	20	1214	1176	+4	−3	155	161
2022	03	27	NZ	TI	1	0	WQ	QA	4	1547	1155	+1	−2	68	170
2022	03	27	US	PA	5	1	WQ		10	1854	1600	+1	0	16	60
2022	03	27	HN	MX	0	1	WQ		-6	1445	1842	−2	+1	94	19
2022	03	27	SV	CR	1	2	WQ		-16	1509	1708	−3	+2	80	42
2022	03	27	CA	JM	4	0	WQ		7	1824	1524	+2	−2	24	76
2022	03	28	ME	GR	1	0	F		12	1518	1671	+4	−1	77	48
2022	03	28	FJ	VU	2	1	F	QA	8	1233	1149	+1	−2	151	171
2022	03	28	CV	SM	2	0	F	ES	1	1472	790	0	0	87	209
2022	03	28	AD	GD	1	0	F		9	1077	1127	0	0	182	175
2022	03	29	WA	CZ	1	1	F		-3	1841	1821	−2	+2	20	24
2022	03	29	UZ	UG	4	2	NRZ		11	1543	1431	+2	−1	71	96
2022	03	29	TR	IT	2	3	F		-5	1714	1997	−2	0	39	7
2022	03	29	TT	GY	1	1	CCL		-11	1360	1170	−2	+3	112	165
2022	03	29	TZ	SD	1	1	FT		-5	1317	1302	−1	+2	128	132
2022	03	29	TJ	KG	1	0	NRZ	UZ	15	1285	1260	+2	−4	139	144
2022	03	29	CH	KO	1	1	F		-9	1919	1500	−2	+1	13	82
2022	03	29	ES	IS	5	0	F		1	2038	1540	0	−2	5	73
2022	03	29	SK	FI	2	0	F	ES	17	1676	1700	+4	−3	47	41
2022	03	29	SG	PH	2	0	FT		16	1131	1096	+1	−2	175	179
2022	03	29	SL	CG	2	1	F	TR	9	1354	1293	+4	−2	113	135
2022	03	29	QA	SI	0	0	F		-4	1664	1626	−1	−1	50	57
2022	03	29	NO	AM	9	0	F		6	1746	1500	+1	0	32	82
2022	03	29	EI	HU	0	1	F		-10	1603	1726	−2	+3	61	36
2022	03	29	NL	DE	1	1	F		-2	1938	1966	0	0	10	9
2022	03	29	MR	LY	2	0	FT		19	1331	1334	+7	−6	122	121
2022	03	29	MT	KW	2	0	F		16	1258	1343	+3	−3	145	116
2022	03	29	LV	AZ	1	0	F	MT	10	1338	1301	+6	−3	117	133
2022	03	29	IL	RO	2	2	F		-2	1625	1655	−3	+1	58	52
2022	03	29	IE	LT	1	0	F		1	1690	1323	+2	−1	43	125
2022	03	29	FR	ZA	5	0	F		1	2116	1541	+1	−2	2	72
2022	03	29	FO	LI	1	0	F	ES	6	1248	1083	0	0	148	180
2022	03	29	EN	CI	3	0	F		2	2038	1681	+1	+2	5	45
2022	03	29	DK	RS	3	0	F		10	1935	1845	+1	−3	11	18
2022	03	29	HR	BG	2	1	F	QA	2	1854	1511	+1	−1	16	80
2022	03	29	BI	LR	2	1	F	TR	12	1255	1317	0	−7	147	128
2022	03	29	BA	LU	1	0	F		3	1589	1392	0	0	63	102
2022	03	29	BJ	TG	1	1	F	TR	-3	1460	1344	0	+3	88	115
2022	03	29	BE	BF	3	0	F		1	2068	1547	0	−1	4	68
2022	03	29	BD	MN	0	0	F		-5	844	764	−1	+1	208	212
2022	03	29	BH	BY	0	1	F		-14	1512	1473	−5	+3	79	86
2022	03	29	AT	SQ	2	2	F		-3	1719	1730	−2	0	38	34
2022	03	29	AO	GQ	0	0	FT	PT	3	1379	1436	+2	+2	106	94
2022	03	29	AL	GE	0	0	F		-3	1582	1565	0	+1	64	65
2022	03	29	TD	GM	2	2	FQ	MA	13	1184	1435	0	−3	162	95
2022	03	29	KZ	MD	0	1	ENC		-34	1331	1203	−10	+7	122	157
2022	03	29	CY	EE	2	0	ENC		31	1335	1386	+13	−5	119	104
2022	03	29	AE	KR	1	0	WQ		32	1518	1802	+8	−5	76	27
2022	03	29	SA	AU	1	0	WQ		19	1636	1679	+3	−2	54	46
2022	03	29	OM	CN	2	0	WQ		17	1558	1456	+4	−4	67	90
2022	03	29	JP	VN	1	1	WQ		-18	1797	1373	−1	+5	29	109
2022	03	29	IQ	SY	1	1	WQ	AE	-7	1564	1455	−1	+1	66	91
2022	03	29	IR	LB	2	0	WQ		2	1822	1338	+2	+2	23	117
2022	03	29	TN	ML	0	0	WQ		-7	1609	1605	−1	+1	59	60
2022	03	29	SN	EG	1	0	WQ		14	1726	1693	+5	+1	36	42
2022	03	29	NG	GH	1	1	WQ		-12	1643	1537	−1	+1	53	74
2022	03	29	MA	CD	4	1	WQ		10	1735	1500	+2	−2	33	82
2022	03	29	DZ	CM	1	2	WQ		-31	1682	1627	−4	+6	44	56
2022	03	29	PT	NM	2	0	WQ		5	1984	1663	0	−2	8	51
2022	03	29	PL	SE	2	0	WQ		27	1798	1809	+2	−5	28	26
2022	03	29	VE	CO	0	1	WQ		-15	1673	1896	−2	0	48	14
2022	03	29	PE	PY	2	0	WQ		14	1856	1728	+4	−3	15	35
2022	03	29	EC	AR	1	1	WQ		10	1840	2108	+2	−1	21	3
2022	03	29	CL	UY	0	2	WQ		-30	1767	1922	−1	+1	30	12
2022	03	29	BO	BR	0	4	WQ		-7	1633	2155	−1	0	55	1
2022	03	30	NZ	SB	5	0	WQ	QA	10	1557	1204	0	−1	68	156
2022	03	30	PA	CA	1	0	WQ		27	1627	1797	+6	−6	56	28
2022	03	30	MX	SV	2	0	WQ		5	1847	1504	+2	0	17	81
2022	03	30	JM	HN	2	1	WQ		11	1535	1434	0	−2	75	95
2022	03	30	CR	US	2	0	WQ		34	1742	1820	+7	−7	33	23
2022	04	16	GF	GY	2	1	F		5	1273	1165	0	−1	141	166
2022	04	18	GF	GY	1	2	F		-15	1258	1180	−3	+3	144	163
2022	04	24	GT	SV	4	0	F	US	20	1494	1484	+1	−4	84	85
2022	04	27	GT	MX	0	0	F	US	8	1502	1839	+3	−3	81	20
2022	05	01	SV	PA	3	2	F	US	14	1498	1613	0	−3	85	59
2022	05	12	DM	VC	2	1	F		10	1032	1129	0	−1	187	175
2022	05	12	BS	TC	4	2	F		8	858	767	0	0	206	211
2022	05	14	BS	TC	1	2	F		-15	843	782	−2	+1	208	210
2022	05	15	DM	VC	3	1	F		15	1047	1114	+2	−1	185	176
2022	05	22	GF	SR	3	1	F		14	1272	1321	+3	−8	141	127
2022	05	24	TH	BH	3	1	F		16	1406	1496	+4	−6	99	85
2022	05	24	MZ	SW	0	1	F		-14	1277	1277	−2	+4	139	139
2022	05	24	HK	MM	0	0	F	TH	-5	1158	970	−1	0	168	190
2022	05	26	LS	NA	2	1	F	ZA	14	1202	1339	+2	−2	158	116
2022	05	27	TH	TM	1	0	F		5	1411	1287	0	0	99	136
2022	05	27	MY	BN	4	0	F		1	1156	616	0	0	169	230
2022	05	27	BW	SW	1	0	F	ZA	9	1306	1268	+2	−3	132	142
2022	05	27	BH	MM	2	0	F	TH	1	1497	969	0	0	85	190
2022	05	28	MX	NG	2	1	F	US	5	1844	1638	+2	0	18	53
2022	05	28	JO	IN	2	0	F	QA	4	1549	1195	+1	0	69	160
2022	05	28	GY	LC	3	2	F	TT	6	1186	1029	+2	0	161	187
2022	05	28	ET	LS	1	1	F		-6	1323	1208	0	+3	123	155
2022	05	28	TL	NP	2	2	F	QA	7	631	949	+1	0	228	194
2022	05	29	AE	GM	1	1	F		-5	1513	1440	−2	+1	78	93
2022	05	29	SS	SD	0	0	F	MA	5	1110	1297	+1	−1	177	134
2022	05	30	TT	LC	1	0	F		2	1362	1027	0	0	112	187
2022	05	30	ET	LS	1	1	F		-6	1317	1214	−4	0	127	155
2022	05	31	TH	BH	1	2	F		-10	1401	1507	−2	+5	101	80
2022	05	31	NP	LK	1	1	F	QA	-6	943	688	0	0	194	221
2022	06	01	VN	AF	2	0	F		4	1377	1141	0	0	109	172
2022	06	01	US	MA	3	0	F		9	1829	1726	+2	−1	21	35
2022	06	01	SY	TJ	1	0	F	AE	5	1460	1280	+3	0	88	138
2022	06	01	MT	VE	0	1	F		-3	1255	1676	0	+1	145	47
2022	06	01	MY	HK	2	0	F		11	1167	1147	+2	−3	167	171
2022	06	01	KW	SG	2	0	F	AE	7	1350	1124	+1	−1	114	175
2022	06	01	ID	BD	0	0	F		-9	1211	853	−1	+1	155	206
2022	06	01	AU	JO	2	1	F	QA	6	1685	1543	+2	−2	44	71
2022	06	01	LY	BW	1	0	FQ		13	1347	1293	+5	−2	115	134
2022	06	01	GH	MG	3	0	FQ		10	1547	1313	+5	−6	69	129
2022	06	01	AO	CF	2	1	FQ		9	1388	1247	+2	−2	104	148
2022	06	01	PL	WA	2	1	ENA		17	1815	1824	+2	−3	25	22
2022	06	01	SQ	UA	1	3	WQ		-31	1699	1848	−6	+7	41	17
2022	06	01	AR	IT	3	0	IC	EN	30	2138	1967	+1	−1	2	8
2022	06	02	KR	BR	1	5	F		-7	1795	2162	−2	0	29	1
2022	06	02	JP	PY	4	1	F		10	1807	1718	+1	−3	27	37
2022	06	02	KH	TL	2	1	F		3	865	628	0	−1	204	229
2022	06	02	TN	GQ	4	0	FQ		13	1622	1423	+2	−3	58	97
2022	06	02	MZ	RW	1	1	FQ	ZA	-1	1276	1267	0	0	139	143
2022	06	02	EE	SM	2	0	END		1	1387	789	0	0	105	209
2022	06	02	EI	GR	0	1	ENC		-22	1581	1693	−2	+7	64	42
2022	06	02	GE	GI	4	0	ENC		2	1567	1048	0	0	65	184
2022	06	02	CY	KO	0	2	ENC		-24	1311	1524	−11	+6	131	76
2022	06	02	BG	NM	1	1	ENC		3	1514	1660	+1	0	78	51
2022	06	02	SI	SE	0	2	ENB		-23	1603	1832	−4	+6	61	20
2022	06	02	RS	NO	0	1	ENB		-30	1815	1776	−7	+2	25	30
2022	06	02	IL	IS	2	2	ENB		-10	1615	1550	−1	+5	59	69
2022	06	02	ES	PT	1	1	ENA		-8	2030	1992	−1	0	6	7
2022	06	02	CZ	CH	2	1	ENA		20	1841	1899	+5	0	19	13
2022	06	02	AI	DM	0	0	CLC		16	600	1031	+1	0	231	185
2022	06	02	GP	CU	2	1	CLB		19	1220	1268	+5	−5	154	141
2022	06	02	GF	GT	2	0	CLB		41	1313	1461	+13	−6	128	87
2022	06	02	BZ	DO	0	2	CLB		-33	1075	1202	−4	+6	182	160
2022	06	02	AG	BB	1	0	CLB	LC	13	1176	1031	+3	+1	165	185
2022	06	02	PA	CR	2	0	CLA		32	1645	1710	+6	−6	53	39
2022	06	02	UY	MX	3	0	F	US	14	1936	1830	+1	−2	11	21
2022	06	02	EC	NG	1	0	F	US	5	1845	1633	+2	−2	18	55
2022	06	03	OM	NP	2	0	F	QA	1	1559	942	−1	0	68	194
2022	06	03	TG	SW	2	2	FQ		-9	1335	1277	−4	+1	120	140
2022	06	03	CI	ZM	3	1	FQ		7	1688	1413	+2	0	45	98
2022	06	03	KM	LS	2	0	FQ		17	1293	1197	+5	−5	134	160
2022	06	03	BF	CV	2	0	FQ	MA	24	1571	1448	+5	−7	65	93
2022	06	03	SK	BY	1	0	ENC	RS	9	1685	1464	+2	0	46	85
2022	06	03	LI	MD	0	2	END		-28	1055	1231	−4	+6	183	153
2022	06	03	LV	AD	3	0	END		8	1346	1069	+2	0	116	181
2022	06	03	KZ	AZ	2	0	ENC		19	1350	1282	+7	−5	113	138
2022	06	03	FR	DK	1	2	ENA		-33	2083	1968	0	+3	3	9
2022	06	03	HR	AT	0	3	ENA		-56	1798	1775	−11	+5	27	31
2022	06	03	BE	NL	1	4	ENA		-55	2013	1993	−2	+3	6	7
2022	06	03	TC	BQ	1	4	CLC		-28	754	985	−4	+3	214	190
2022	06	03	SX	VI	1	1	CLC	CW	-6	758	664	0	0	212	227
2022	06	03	VG	KY	1	1	CLC		10	600	881	+1	−1	231	202
2022	06	03	AW	MF	0	0	CLC	AI	-3	905	850	0	−1	197	208
2022	06	03	NI	TT	2	1	CLB		22	1255	1340	+6	−5	145	117
2022	06	03	BS	VC	1	0	CLB		29	872	1085	+4	−2	204	178
2022	06	03	CW	HN	0	1	CLA		-24	1381	1458	−6	+5	105	89
2022	06	04	SN	BJ	3	1	FQ		7	1733	1453	−1	−5	35	92
2022	06	04	NE	TZ	1	1	FQ	BJ	5	1242	1312	0	−4	151	129
2022	06	04	MR	SD	3	0	FQ		22	1353	1275	+8	−8	113	141
2022	06	04	ML	CG	4	0	FQ		6	1611	1287	0	−1	60	135
2022	06	04	GM	SS	1	0	FQ	SN	5	1445	1105	0	0	94	176
2022	06	04	CD	GA	0	1	FQ		-28	1472	1482	−3	+8	85	84
2022	06	04	BI	NA	1	1	FQ	ZA	5	1260	1334	+1	−3	144	121
2022	06	04	DZ	UG	2	0	FQ		7	1689	1424	+5	−2	43	97
2022	06	04	TR	FO	4	0	ENC		3	1717	1245	0	−2	38	150
2022	06	04	LT	LU	0	2	ENC		-33	1290	1425	−12	+7	134	95
2022	06	04	ME	RO	2	0	ENB		33	1551	1622	+7	−5	70	57
2022	06	04	FI	BA	1	1	ENB		-11	1689	1600	−3	0	43	62
2022	06	04	AM	IE	1	0	ENB		25	1525	1665	+5	−5	77	49
2022	06	04	IT	DE	1	1	ENA		-6	1961	1972	−1	+2	11	9
2022	06	04	HU	EN	1	0	ENA		31	1757	2007	0	−2	34	6
2022	06	04	GY	MS	2	1	CLB	DO	8	1194	931	0	0	162	195
2022	06	04	BM	HT	0	0	CLB		9	1255	1505	+4	−4	146	82
2022	06	04	SV	GD	3	1	CLA		4	1502	1123	+1	−1	83	175
2022	06	04	SR	JM	1	1	CLA		6	1327	1529	+2	−1	122	76
2022	06	05	US	UY	0	0	F		0	1829	1936	0	0	21	12
2022	06	05	PE	NZ	1	0	F	ES	3	1859	1554	0	0	15	69
2022	06	05	EC	MX	0	0	F	US	0	1845	1830	0	0	17	20
2022	06	05	CO	SA	1	0	F	ES	4	1900	1632	+1	−2	13	55
2022	06	05	AR	EE	5	0	F	ES	1	2139	1386	0	0	2	104
2022	06	05	MW	ET	2	1	FQ		15	1323	1302	+7	−8	124	132
2022	06	05	MG	AO	1	1	FQ		-1	1312	1389	−3	+1	129	102
2022	06	05	EG	GN	1	0	FQ		3	1696	1377	−1	−2	42	108
2022	06	05	CF	GH	1	1	FQ	AO	14	1261	1533	+4	−3	145	75
2022	06	05	BW	TN	0	0	FQ		12	1305	1610	+1	−3	131	60
2022	06	05	SM	MT	0	2	END		-7	782	1262	0	+2	209	144
2022	06	05	KO	GR	0	1	ENC		-16	1508	1709	−1	+1	79	40
2022	06	05	GI	NM	0	2	ENC		-3	1045	1663	0	0	184	51
2022	06	05	CY	EI	0	0	ENC		9	1320	1572	+4	−1	126	65
2022	06	05	BG	GE	2	5	ENC		-40	1474	1607	−5	+5	84	61
2022	06	05	SE	NO	1	2	ENB		-28	1804	1804	−7	+4	26	26
2022	06	05	RS	SI	4	1	ENB		10	1825	1593	+2	−2	22	63
2022	06	05	PT	CH	4	0	ENA		19	2011	1880	+2	−1	6	14
2022	06	05	CZ	ES	2	2	ENA		5	1846	2025	+2	0	16	4
2022	06	05	WA	UA	1	0	WQ		16	1840	1832	+4	−3	18	19
2022	06	05	AI	DM	1	1	CLC	KN	17	617	1014	+1	−2	230	187
2022	06	05	GT	BZ	2	0	CLB		3	1464	1072	+1	0	86	180
2022	06	05	DO	GF	2	3	CLB		-19	1183	1332	−6	+4	165	122
2022	06	05	CU	BB	3	0	CLB		9	1277	1022	+3	−1	139	186
2022	06	05	AG	GP	1	0	CLB	KN	23	1199	1197	+7	−4	158	159
2022	06	05	CR	MQ	2	0	CLA		5	1715	1389	0	0	39	102
2022	06	06	KR	CL	2	0	F		10	1805	1757	+4	−1	26	33
2022	06	06	JP	BR	0	1	F		-4	1803	2166	−4	0	29	1
2022	06	06	GQ	LY	2	0	FQ		16	1439	1331	+4	−6	94	122
2022	06	06	LV	LI	1	0	END		4	1350	1051	+2	0	115	183
2022	06	06	AD	MD	0	0	END		4	1073	1227	+1	0	180	153
2022	06	06	SK	KZ	0	1	ENC		-37	1648	1387	−5	+9	51	105
2022	06	06	AZ	BY	0	0	ENC	RS	10	1292	1454	+3	−4	134	90
2022	06	06	IS	AL	1	1	ENB		-4	1546	1586	0	0	71	64
2022	06	06	HR	FR	1	1	ENA		10	1808	2073	+3	0	25	3
2022	06	06	AT	DK	1	2	ENA		-15	1760	1983	−1	+1	32	9
2022	06	06	VI	TC	3	2	CLC		19	683	735	+5	−1	222	215
2022	06	06	KY	VG	1	1	CLC		-16	865	616	−2	+1	204	231
2022	06	06	BQ	SX	2	2	CLC	CW	-11	974	769	0	+1	190	211
2022	06	06	AW	MF	3	0	CLC	CW	30	935	820	+2	0	195	208
2022	06	06	TT	BS	1	0	CLB		1	1341	871	+1	+1	117	203
2022	06	06	VC	NI	2	2	CLB		4	1089	1251	0	−1	178	149
2022	06	06	HN	CW	1	2	CLA		-29	1429	1410	−6	+5	95	100
2022	06	07	ZM	KM	2	1	FQ		9	1422	1284	0	−3	99	136
2022	06	07	SN	RW	1	0	FQ		1	1734	1266	0	0	35	143
2022	06	07	CV	TG	2	0	FQ	MA	21	1469	1314	+6	−8	86	127
2022	06	07	BF	SW	3	1	FQ	ZA	9	1580	1268	+1	−3	65	142
2022	06	07	LT	TR	0	6	ENC		-11	1279	1728	−3	+2	138	36
2022	06	07	FO	LU	0	1	ENC		-15	1230	1440	−2	+2	152	94
2022	06	07	FI	ME	2	0	ENB		12	1701	1539	+2	−4	41	74
2022	06	07	BA	RO	1	0	ENB		16	1616	1606	+5	−5	57	62
2022	06	07	IT	HU	2	1	ENA		6	1967	1751	0	−1	11	34
2022	06	07	DE	EN	1	1	ENA		-4	1968	2011	0	+1	10	6
2022	06	07	AU	AE	2	1	WQ	QA	11	1696	1502	+3	−3	43	81
2022	06	07	HT	MS	3	2	CLB	DO	1	1506	930	+1	0	80	196
2022	06	07	GY	BM	2	1	CLB		18	1212	1237	+7	−2	155	150
2022	06	07	JM	SR	3	1	CLA		9	1538	1318	+1	−2	75	125
2022	06	07	GD	SV	2	2	CLA		13	1136	1489	+1	0	174	82
2022	06	08	UZ	LK	3	0	SQ		0	1543	688	−1	0	72	221
2022	06	08	TH	MV	3	0	SQ	UZ	4	1405	909	0	0	102	197
2022	06	08	TJ	MM	4	0	SQ	KG	11	1291	958	0	−2	137	193
2022	06	08	PH	YE	0	0	SQ	MN	4	1100	1167	0	−1	177	168
2022	06	08	MN	PS	0	1	SQ		-2	762	1406	0	0	212	101
2022	06	08	MY	TM	3	1	SQ		32	1199	1255	+8	−13	160	147
2022	06	08	KG	SG	2	1	SQ		8	1268	1116	+5	0	141	175
2022	06	08	KW	ID	1	2	SQ		-32	1318	1243	−9	+6	124	150
2022	06	08	JO	NP	2	0	SQ	KW	2	1545	940	0	0	71	194
2022	06	08	IN	KH	2	0	SQ		5	1200	860	+3	−1	159	205
2022	06	08	HK	AF	2	1	SQ	IN	20	1167	1121	+3	−2	168	174
2022	06	08	BH	BD	2	0	SQ	MY	1	1508	852	+1	0	78	207
2022	06	08	UG	NE	1	1	FQ		-13	1411	1255	−1	+2	99	147
2022	06	08	TZ	DZ	0	2	FQ		-10	1302	1699	−4	+2	133	43
2022	06	08	SD	CD	2	1	FQ		25	1300	1447	+6	−6	135	91
2022	06	08	GA	MR	0	0	FQ		-12	1470	1365	−1	+1	84	113
2022	06	08	CG	GM	1	0	FQ		23	1310	1422	+4	−3	130	96
2022	06	08	BJ	MZ	0	1	FQ		-33	1420	1309	−6	+9	98	131
2022	06	08	SQ	AM	2	0	ENB		10	1709	1515	+2	0	40	77
2022	06	08	IE	UA	0	1	ENB		-16	1649	1848	−2	+3	50	16
2022	06	08	WA	NL	1	2	ENA		-17	1823	2010	−4	0	22	8
2022	06	08	BE	PL	6	1	ENA		12	2025	1803	+1	−4	4	28
2022	06	09	VE	SA	1	0	F	ES	9	1685	1623	+2	−1	45	56
2022	06	09	SM	IS	0	1	F		0	782	1546	0	0	209	70
2022	06	09	NZ	OM	0	0	F	QA	0	1554	1559	+1	+1	68	67
2022	06	09	NG	SL	2	1	FQ		4	1637	1350	0	−1	53	115
2022	06	09	MA	ZA	2	1	FQ		6	1732	1535	+1	−2	36	75
2022	06	09	ML	SS	3	1	FQ	UG	3	1614	1102	0	0	59	176
2022	06	09	CI	LS	0	0	FQ	ZA	-18	1670	1215	0	+6	46	156
2022	06	09	GW	ST	5	1	FQ	MA	12	1390	1071	+4	−3	104	182
2022	06	09	GN	MW	1	0	FQ		12	1389	1311	+4	−9	105	130
2022	06	09	ET	EG	2	0	FQ	MW	54	1356	1642	+19	−8	114	52
2022	06	09	CM	BI	1	0	FQ	TZ	4	1631	1256	+1	+1	55	145
2022	06	09	MT	EE	1	2	END		-19	1243	1405	−5	+4	149	102
2022	06	09	NM	GE	0	3	ENC		-50	1613	1657	−11	+13	60	48
2022	06	09	KO	EI	3	2	ENC		18	1526	1554	+1	−2	77	68
2022	06	09	GR	CY	3	0	ENC		4	1713	1316	0	−3	40	126
2022	06	09	GI	BG	1	1	ENC		15	1060	1459	+1	−4	183	87
2022	06	09	SE	RS	0	1	ENB		-24	1780	1849	−4	+5	30	16
2022	06	09	NO	SI	0	0	ENB		-14	1790	1607	−3	+1	29	62
2022	06	09	CH	ES	0	1	ENA		-17	1863	2042	0	0	14	4
2022	06	09	PT	CZ	2	0	ENA		11	2022	1835	0	−2	6	19
2022	06	09	DM	LC	0	1	CLC		-25	989	1052	−2	+1	189	184
2022	06	09	KY	PR	0	3	CLC		-26	839	1083	−3	+3	207	179
2022	06	09	AW	KN	2	3	CLC	CW	-8	927	1194	−1	+1	196	163
2022	06	09	CU	AG	2	0	CLB	KN	23	1300	1176	+5	−6	135	166
2022	06	09	BZ	GF	1	1	CLB		9	1081	1323	+1	−2	180	121
2022	06	09	BB	GP	0	1	CLB	LC	-11	1011	1208	0	+4	186	158
2022	06	09	PA	MQ	5	0	CLA		9	1654	1380	+3	−5	49	108
2022	06	09	CA	CW	4	0	CLA		4	1801	1406	+2	0	28	100
2022	06	10	TN	CL	2	0	KRN	JP	31	1641	1726	+8	−4	53	37
2022	06	10	KR	PY	2	2	F		-5	1800	1723	−3	0	28	38
2022	06	10	JP	GH	4	1	KRN		6	1809	1527	+1	0	25	76
2022	06	10	MD	LV	2	4	END		-28	1199	1378	−7	+5	161	110
2022	06	10	AD	LI	2	1	END		13	1086	1038	+3	0	178	185
2022	06	10	BY	KZ	1	1	ENC	RS	-4	1450	1391	0	+3	90	104
2022	06	10	AZ	SK	0	1	ENC		-7	1285	1655	−1	+2	138	49
2022	06	10	AL	IL	1	2	ENB		-24	1562	1639	−2	+4	66	54
2022	06	10	DK	HR	0	1	ENA		-33	1950	1841	−2	+5	11	19
2022	06	10	AT	FR	1	1	ENA		11	1771	2062	+1	0	31	3
2022	06	10	VC	TT	0	2	CLB		-18	1071	1359	−3	+2	181	115
2022	06	10	DO	GT	1	1	CLB		10	1193	1454	+1	−4	164	89
2022	06	10	BS	NI	0	2	CLB		-10	861	1261	0	+4	203	144
2022	06	10	US	GD	5	0	CLA		1	1830	1135	0	0	21	173
2022	06	11	UZ	MV	4	0	SQ		1	1544	908	0	0	72	197
2022	06	11	TM	BD	2	1	SQ	MY	4	1259	848	+1	0	146	206
2022	06	11	TH	LK	2	0	SQ	UZ	1	1406	687	+1	0	101	221
2022	06	11	TJ	SG	1	0	SQ	KG	11	1302	1105	+3	−1	134	176
2022	06	11	PS	YE	5	0	SQ	MN	16	1422	1151	+4	−2	96	170
2022	06	11	MN	PH	0	1	SQ		-8	754	1108	−1	+2	213	175
2022	06	11	MY	BH	1	2	SQ		-9	1190	1517	−3	0	164	79
2022	06	11	KG	MM	2	0	SQ		5	1273	953	+1	−1	140	194
2022	06	11	KW	NP	4	1	SQ		4	1322	936	0	−1	123	195
2022	06	11	JO	ID	1	0	SQ	KW	6	1551	1237	+1	−2	70	151
2022	06	11	IN	AF	2	1	SQ		11	1211	1110	+5	0	155	174
2022	06	11	HK	KH	3	0	SQ	IN	10	1177	850	+2	−1	166	205
2022	06	11	LU	TR	0	2	ENC		-15	1425	1743	−2	+2	94	34
2022	06	11	FO	LT	2	1	ENC		17	1247	1262	+4	−3	149	143
2022	06	11	UA	AM	3	0	ENB	PL	9	1857	1506	+1	−2	16	80
2022	06	11	RO	FI	1	0	ENB		20	1626	1681	+5	−2	58	44
2022	06	11	ME	BA	1	1	ENB		-1	1538	1617	0	−1	73	60
2022	06	11	IE	SQ	3	0	ENB		31	1680	1678	+6	−5	45	46
2022	06	11	WA	BE	1	1	ENA		6	1829	2019	0	−1	23	6
2022	06	11	NL	PL	2	2	ENA		-14	1996	1817	0	+1	8	25
2022	06	11	HU	DE	1	1	ENA		6	1757	1962	0	−1	33	10
2022	06	11	EN	IT	0	0	ENA		-8	2003	1975	0	+1	7	9
2022	06	11	VI	BQ	0	2	CLC		-15	668	989	−5	+1	227	189
2022	06	11	SX	TC	8	2	CLC	CW	38	807	697	+2	−4	209	219
2022	06	11	MS	BM	3	2	CLB	DO	34	964	1203	+4	−8	191	159
2022	06	11	GY	HT	2	6	CLB		-18	1194	1524	−5	+2	161	78
2022	06	11	MX	SR	3	0	CLA		2	1832	1316	0	−2	21	125
2022	06	11	UY	PA	5	0	F		4	1940	1650	0	−1	12	51
2022	06	11	EC	CV	1	0	F	US	2	1847	1467	0	0	18	84
2022	06	12	DZ	IR	2	1	F	QA	13	1712	1809	0	−1	41	25
2022	06	12	MT	SM	1	0	END		2	1245	780	0	0	150	210
2022	06	12	NM	GI	4	0	ENC		2	1615	1058	+1	0	61	183
2022	06	12	EI	CY	2	2	ENC		-15	1539	1331	−4	+5	72	120
2022	06	12	GR	KO	2	0	ENC		10	1723	1516	+2	−2	38	79
2022	06	12	GE	BG	0	0	ENC		-14	1643	1473	−1	+3	50	83
2022	06	12	SI	RS	2	2	ENB		8	1615	1841	+2	−1	61	18
2022	06	12	NO	SE	3	2	ENB		14	1804	1766	+2	−1	27	31
2022	06	12	CH	PT	1	0	ENA		23	1886	1999	0	−2	14	7
2022	06	12	ES	CZ	2	0	ENA		9	2051	1826	0	−3	4	23
2022	06	12	LC	AI	2	0	CLC		3	1055	614	0	−1	184	231
2022	06	12	KN	MF	1	1	CLC		-18	1176	838	−5	0	166	208
2022	06	12	PR	VG	6	0	CLC		3	1086	613	+1	−1	178	232
2022	06	12	GP	BB	2	1	CLB		6	1214	1005	+1	0	155	186
2022	06	12	CU	AG	3	1	CLB		13	1313	1163	+8	−1	128	168
2022	06	12	MQ	PA	0	0	CLA		9	1389	1641	+2	−1	106	52
2022	06	13	NG	ST	10	0	FQ	MA	4	1641	1067	+4	0	51	181
2022	06	13	MA	LR	2	0	FQ		3	1735	1314	+1	−2	35	127
2022	06	13	GW	SL	2	2	FQ	GN	-2	1388	1352	−3	0	108	117
2022	06	13	AL	EE	0	0	F		-6	1556	1411	−1	+2	67	101
2022	06	13	KZ	SK	2	1	ENC		29	1420	1626	+6	−8	98	57
2022	06	13	AZ	BY	2	0	ENC		36	1321	1414	+13	−10	125	100
2022	06	13	IS	IL	2	2	ENB		0	1546	1639	0	0	70	54
2022	06	13	FR	HR	0	1	ENA		-35	2027	1876	−1	+3	4	15
2022	06	13	DK	AT	2	0	ENA		10	1960	1761	0	−1	11	31
2022	06	13	AU	PE	0	0	WQ	QA	9	1705	1850	0	−2	42	17
2022	06	13	TT	VC	4	1	CLB		7	1366	1064	+1	−1	114	182
2022	06	13	NI	BS	4	0	CLB		4	1265	857	+1	−1	143	204
2022	06	13	GT	DO	2	0	CLB		7	1461	1186	+2	−1	87	163
2022	06	13	HN	CA	2	1	CLA		33	1462	1768	+7	−1	86	29
2022	06	14	KR	EG	4	1	F		6	1806	1636	+2	−4	26	54
2022	06	14	JP	TN	0	3	KRN		-43	1766	1684	−5	+5	30	46
2022	06	14	CL	GH	0	0	KRN	JP	-8	1718	1535	−3	+1	40	75
2022	06	14	UZ	TH	2	0	SQ		12	1556	1394	+2	−1	69	104
2022	06	14	SG	MM	6	2	SQ	KG	22	1127	931	+3	0	173	194
2022	06	14	PS	PH	4	0	SQ	MN	11	1433	1097	+2	−1	93	176
2022	06	14	MN	YE	2	0	SQ		51	805	1100	+4	−5	209	175
2022	06	14	MV	LK	1	0	SQ	UZ	9	917	678	0	−2	197	223
2022	06	14	MY	BD	4	1	SQ		5	1195	843	+1	0	161	206
2022	06	14	KG	TJ	0	0	SQ		-4	1269	1306	0	+2	140	134
2022	06	14	KW	JO	0	3	SQ		-23	1299	1574	−14	+4	138	65
2022	06	14	ID	NP	7	0	SQ	KW	14	1251	922	+1	−1	150	196
2022	06	14	IN	HK	4	0	SQ		24	1235	1153	+4	−4	152	169
2022	06	14	BH	TM	1	0	SQ	MY	7	1524	1252	0	−3	78	149
2022	06	14	AF	KH	2	2	SQ	IN	-13	1097	863	−2	+2	176	203
2022	06	14	MD	AD	2	1	END		9	1208	1077	+3	−1	157	179
2022	06	14	LI	LV	0	2	END		-12	1026	1390	0	+5	185	105
2022	06	14	TR	LT	2	0	ENC		2	1745	1260	0	−1	34	145
2022	06	14	LU	FO	2	2	ENC		-13	1412	1260	−7	+4	100	145
2022	06	14	RO	ME	0	3	ENB		-52	1574	1590	−8	+10	65	63
2022	06	14	IE	UA	1	1	ENB	PL	9	1689	1848	+1	−1	44	17
2022	06	14	BA	FI	3	2	ENB		18	1635	1663	+5	−5	55	49
2022	06	14	AM	SQ	1	4	ENB		-28	1478	1706	−2	+4	82	42
2022	06	14	PL	BE	0	1	ENA		-14	1803	2033	−4	+1	28	4
2022	06	14	NL	WA	3	2	ENA		7	2003	1822	+2	0	6	22
2022	06	14	DE	IT	5	2	ENA		26	1988	1949	+2	−1	8	10
2022	06	14	EN	HU	0	4	ENA		-66	1937	1823	−6	+12	12	21
2022	06	14	CR	NZ	1	0	WQ	QA	11	1726	1543	+3	−5	37	73
2022	06	14	TC	SX	2	0	CLC		31	728	776	+4	−2	215	211
2022	06	14	BQ	VI	2	0	CLC	CW	8	997	660	+1	0	188	227
2022	06	14	HT	GY	6	0	CLB	DO	11	1535	1183	+2	−3	75	164
2022	06	14	GF	BZ	1	0	CLB		5	1328	1076	0	0	122	180
2022	06	14	JM	MX	1	1	CLA		10	1548	1822	+2	−2	71	22
2022	06	14	SV	US	1	1	CLA		12	1501	1818	+1	−3	81	24
2022	07	05	BW	SC	1	0	CSF	ZA	4	1309	900	+2	−1	133	199
2022	07	05	AO	KM	3	1	CSF	ZA	21	1410	1263	+3	−4	103	143
2022	07	06	LS	MW	2	1	CSF	ZA	25	1240	1286	+3	−7	152	138
2022	07	06	SW	MU	3	0	CSF	ZA	10	1278	953	+1	−1	139	193
2022	07	07	BW	KM	1	0	CSF	ZA	17	1326	1246	+9	−7	123	150
2022	07	07	AO	SC	3	0	CSF	ZA	4	1414	896	+4	0	99	199
2022	07	08	LS	MU	2	1	CSF	ZA	6	1246	947	+2	0	150	193
2022	07	08	SW	MW	1	1	CSF	ZA	0	1278	1286	0	0	139	138
2022	07	10	MW	MU	2	0	CSF	ZA	7	1293	940	−1	0	139	193
2022	07	10	SW	LS	2	0	CSF	ZA	27	1305	1219	+4	−5	135	155
2022	07	10	KM	SC	2	1	CSF	ZA	5	1251	891	+1	−1	149	200
2022	07	10	BW	AO	1	0	CSF	ZA	25	1351	1389	+5	−7	118	106
2022	07	12	NA	MG	2	0	CSF	ZA	28	1362	1284	+4	−8	116	139
2022	07	12	BW	ZM	1	1	CSF	ZA	4	1355	1418	0	−3	118	98
2022	07	13	ZA	MZ	0	0	CSF		-15	1520	1324	−3	+8	78	124
2022	07	13	SW	SN	1	1	CSF	ZA	17	1322	1717	+8	−4	126	40
2022	07	15	ZM	SN	4	3	CSF	ZA	34	1452	1683	+7	−6	91	46
2022	07	15	ZA	MG	2	1	CSF		5	1525	1279	+1	0	77	139
2022	07	15	NA	MZ	1	0	CSF	ZA	18	1380	1306	+5	−8	111	132
2022	07	15	BW	SW	2	0	CSF	ZA	27	1382	1295	+8	−11	110	137
2022	07	16	PH	TL	4	1	F	ID	2	1099	626	0	0	176	229
2022	07	17	ZA	BW	2	1	CSF		8	1533	1374	0	−2	77	112
2022	07	17	MZ	SN	1	1	CSF	ZA	16	1322	1667	+7	−1	125	47
2022	07	17	ZM	NA	1	0	CSF	ZA	16	1468	1364	+6	−6	85	117
2022	07	18	MU	SC	2	0	F		9	949	882	0	0	193	200
2022	07	19	JP	HK	6	0	EAH		1	1767	1152	0	0	30	169
2022	07	20	KR	CN	3	0	EAH	JP	8	1814	1448	+1	0	25	91
2022	07	24	KR	HK	3	0	EAH	JP	2	1816	1150	0	0	25	169
2022	07	24	JP	CN	0	0	EAH		-17	1750	1465	−3	+4	33	87
2022	07	27	JP	KR	3	0	EAH		32	1782	1784	+4	−3	29	28
2022	07	27	CN	HK	1	0	EAH	JP	6	1471	1144	+3	−1	84	170
2022	08	26	JM	QA	1	1	FT	AT	5	1553	1659	0	−1	71	49
2022	08	31	PY	MX	1	0	F	US	13	1736	1809	+2	−2	35	24
2022	09	17	FJ	NC	1	0	MLN	VU	19	1252	1189	+5	−4	148	161
2022	09	21	VN	SG	4	0	VFF		7	1384	1120	+1	0	110	173
2022	09	21	SM	SC	0	0	F		0	780	882	0	0	210	200
2022	09	21	MA	MG	1	0	F		1	1736	1278	0	0	36	139
2022	09	21	LY	UG	0	0	BGZ		-1	1330	1412	−1	+1	122	100
2022	09	21	HK	MM	2	0	F		4	1148	927	0	−1	170	195
2022	09	21	BN	MV	0	3	FT		-13	603	930	−2	+3	232	194
2022	09	21	SB	NC	1	0	MLN	VU	19	1223	1170	+3	−5	155	166
2022	09	21	SQ	UA	3	0	ENB		39	1745	1809	+7	−6	34	23
2022	09	22	TN	KM	1	0	F	FR	2	1686	1249	+1	−1	44	151
2022	09	22	SR	NI	2	1	F	NL	9	1325	1256	+2	−2	125	144
2022	09	22	IS	VE	1	0	F	AT	14	1560	1671	+4	−1	68	45
2022	09	22	KH	BD	0	1	F		-13	850	856	−3	+1	206	205
2022	09	22	AU	NZ	1	0	F		4	1709	1539	0	0	42	73
2022	09	22	TH	MY	1	1	KNG		-10	1384	1205	−4	+1	108	159
2022	09	22	TJ	TT	2	1	KNG	TH	18	1324	1348	+7	−5	126	120
2022	09	22	LI	AD	0	2	END		-34	992	1111	−4	+5	189	174
2022	09	22	LV	MD	1	2	END		-33	1357	1241	−11	+5	116	153
2022	09	22	TR	LU	3	3	ENC		-17	1728	1429	−3	+4	37	96
2022	09	22	SK	AZ	1	2	ENC		-36	1590	1357	−4	+10	62	116
2022	09	22	LT	FO	1	1	ENC		-6	1254	1266	−3	+3	147	141
2022	09	22	KZ	BY	2	1	ENC		14	1434	1400	+3	−4	94	103
2022	09	22	PL	NL	0	2	ENA		-22	1781	2025	−2	0	29	6
2022	09	22	FR	AT	2	0	ENA		7	2034	1754	0	−1	5	33
2022	09	22	HR	DK	2	1	ENA		19	1895	1941	+1	−1	14	10
2022	09	22	BE	WA	2	1	ENA		6	2039	1816	0	−1	4	22
2022	09	23	UZ	CM	2	0	F	KR	18	1574	1613	+3	−3	67	60
2022	09	23	KR	CR	2	2	F		-4	1780	1730	−2	+1	29	37
2022	09	23	PY	AE	1	0	F	AT	4	1740	1498	−1	−1	36	81
2022	09	23	MA	CL	2	0	F	ES	14	1750	1704	+1	−2	34	42
2022	09	23	ML	ZM	1	0	F		4	1618	1464	+3	−1	58	87
2022	09	23	JO	SY	2	0	FT		10	1584	1450	+1	−1	64	91
2022	09	23	JP	US	2	0	F	DE	17	1799	1801	+1	−5	27	26
2022	09	23	IQ	OM	1	1	FT	JO	0	1564	1559	−1	−1	68	70
2022	09	23	IR	UY	1	0	F	AT	14	1823	1926	+2	0	21	11
2022	09	23	ET	SD	1	1	F		-4	1352	1304	0	+1	118	134
2022	09	23	GQ	RW	0	0	F	MA	-5	1434	1271	0	+1	93	140
2022	09	23	EG	NE	3	0	CRO		3	1639	1252	0	−1	54	147
2022	09	23	EC	SA	0	0	F	ES	-6	1841	1629	−1	+1	18	57
2022	09	23	CA	QA	2	0	F	AT	10	1778	1649	0	−1	30	50
2022	09	23	BF	CD	1	0	F	MA	6	1586	1441	+1	0	63	92
2022	09	23	BR	GH	3	0	F	FR	1	2167	1534	0	−1	1	76
2022	09	23	BH	CV	1	2	F		-14	1510	1481	−1	+5	79	82
2022	09	23	AR	HN	3	0	F	US	1	2140	1461	0	0	2	88
2022	09	23	DZ	GN	1	0	F		2	1714	1387	+1	−3	40	107
2022	09	23	EE	MT	2	1	END		7	1418	1238	+1	−1	100	153
2022	09	23	GE	NM	2	0	ENC		19	1662	1596	+2	−2	48	61
2022	09	23	BG	GI	5	1	ENC		4	1477	1054	−1	−1	84	184
2022	09	23	FI	RO	1	1	ENB		-10	1653	1584	−1	+1	49	64
2022	09	23	BA	ME	1	0	ENB		12	1647	1578	+4	−4	51	66
2022	09	23	IT	EN	1	0	ENA		14	1963	1923	+1	0	8	12
2022	09	23	DE	HU	0	1	ENA		-33	1955	1856	−1	+4	9	16
2022	09	24	TZ	UG	1	0	BGZ	LY	20	1322	1392	+7	−2	128	103
2022	09	24	ZA	SL	4	0	F		6	1539	1346	+3	−3	74	121
2022	09	24	SN	BO	2	0	F	FR	14	1681	1619	+3	−2	44	58
2022	09	24	MX	PE	1	0	F	US	11	1820	1839	+1	−2	22	19
2022	09	24	MR	BJ	1	0	F	MA	12	1377	1408	+3	−1	111	100
2022	09	24	MQ	GW	1	1	F		-3	1386	1391	−3	+2	107	104
2022	09	24	MV	LA	3	1	FT	BN	9	939	670	0	−4	194	226
2022	09	24	KG	RU	1	2	F		-2	1267	1763	0	+1	141	31
2022	09	24	CI	TG	2	1	F	FR	2	1672	1312	0	−4	46	133
2022	09	24	ID	CW	3	2	F		12	1263	1394	+7	0	143	102
2022	09	24	IN	SG	1	1	VFF	VN	-5	1230	1125	0	+2	154	171
2022	09	24	HK	MM	0	0	F		-7	1141	934	+1	0	169	195
2022	09	24	GD	VC	1	3	F		-22	1113	1086	−1	+3	173	179
2022	09	24	CG	MG	3	3	F	MA	-1	1309	1279	−1	0	134	139
2022	09	24	CO	GT	4	1	F	US	3	1903	1458	−1	−1	14	89
2022	09	24	VU	PG	0	1	MLN		-24	1125	1200	−2	+3	171	161
2022	09	24	FJ	SB	2	2	MLN	VU	-2	1250	1225	−3	+1	150	155
2022	09	24	EI	KO	2	1	ENC		13	1552	1503	+1	−1	72	79
2022	09	24	CY	GR	1	0	ENC		34	1365	1689	+7	−3	115	42
2022	09	24	SI	NO	2	1	ENB		25	1640	1779	+4	−4	55	29
2022	09	24	RS	SE	4	1	ENB		19	1860	1747	+2	−4	16	35
2022	09	24	SQ	IE	2	1	ENB		12	1757	1677	+3	−2	32	45
2022	09	24	IL	AL	2	1	ENB		10	1649	1546	+4	−2	50	73
2022	09	24	AM	UA	0	5	ENB		-17	1461	1826	−4	+3	87	20
2022	09	24	ES	CH	1	2	ENA		-33	2018	1919	−4	+2	7	13
2022	09	24	CZ	PT	0	4	ENA		-30	1796	2029	−6	+2	26	5
2022	09	25	NZ	AU	0	2	F		-12	1527	1721	−3	+2	77	38
2022	09	25	LR	NE	0	0	CRO	EG	-3	1311	1255	−3	+1	133	147
2022	09	25	TH	TT	2	1	KNG		9	1393	1339	+5	−1	103	121
2022	09	25	MY	TJ	0	0	KNG	TH	5	1210	1319	0	−3	159	129
2022	09	25	MD	LI	2	0	END		7	1248	985	+1	−1	151	190
2022	09	25	AD	LV	1	1	END		8	1119	1349	+1	−2	173	119
2022	09	25	SK	BY	1	1	ENC		-14	1576	1414	−4	+2	66	99
2022	09	25	AZ	KZ	3	0	ENC		33	1390	1401	+11	−8	106	101
2022	09	25	LU	LT	1	0	ENC		7	1436	1247	+3	−5	93	152
2022	09	25	FO	TR	2	1	ENC		36	1302	1692	+6	−3	136	41
2022	09	25	WA	PL	0	1	ENA		-27	1789	1808	−4	+4	27	23
2022	09	25	NL	BE	1	0	ENA		15	2040	2024	+3	−2	3	5
2022	09	25	DK	FR	2	0	ENA		29	1970	2005	+2	−3	8	7
2022	09	25	AT	HR	1	3	ENA		-26	1728	1921	−4	+2	37	13
2022	09	26	ML	ZM	0	0	F		-6	1612	1470	−2	+1	61	85
2022	09	26	JO	OM	1	0	FT		10	1594	1549	+1	−1	62	71
2022	09	26	IQ	SY	1	0	FT	JO	10	1574	1440	+3	−1	65	92
2022	09	26	ET	SD	2	2	F		-4	1348	1308	−1	0	119	135
2022	09	26	SM	EE	0	4	END		-3	777	1421	0	0	210	98
2022	09	26	NM	BG	0	1	ENC		-31	1565	1508	−6	+4	67	79
2022	09	26	GI	GE	1	2	ENC		-2	1052	1664	0	−1	184	49
2022	09	26	RO	BA	4	1	ENB		31	1615	1616	+4	−6	59	58
2022	09	26	ME	FI	0	2	ENB		-32	1546	1685	−7	+5	72	44
2022	09	26	HU	IT	0	2	ENA		-29	1827	1992	−2	+1	19	8
2022	09	26	EN	DE	3	3	ENA		-4	1919	1959	−1	0	13	10
2022	09	27	VN	IN	3	0	VFF		10	1394	1220	+9	−3	101	157
2022	09	27	VE	AE	4	0	F	AT	10	1681	1488	+1	0	47	82
2022	09	27	UY	CA	2	0	F	SK	9	1935	1769	0	+1	11	29
2022	09	27	KR	CM	1	0	F		4	1784	1609	0	−1	28	61
2022	09	27	ZA	BW	1	0	F		4	1543	1370	+2	−1	72	114
2022	09	27	SA	US	0	0	F	ES	5	1634	1796	+1	−1	55	25
2022	09	27	PE	SV	4	1	F	US	4	1843	1497	+1	+1	17	80
2022	09	27	NP	BD	3	1	F		8	930	848	+1	−1	196	206
2022	09	27	MA	PY	0	0	F	ES	0	1750	1740	+1	+1	32	34
2022	09	27	MR	CG	2	0	F	MA	12	1389	1297	+6	−4	106	138
2022	09	27	MT	IL	2	1	F		17	1255	1632	+7	−6	146	56
2022	09	27	MG	BJ	3	1	F	MA	20	1299	1388	+4	−8	136	108
2022	09	27	LY	TZ	2	1	BGZ		10	1340	1312	+3	−5	120	132
2022	09	27	CI	GN	3	1	F	FR	5	1677	1382	−1	−3	48	111
2022	09	27	IR	SN	1	1	F	AT	-4	1819	1685	0	+2	21	43
2022	09	27	ID	CW	2	1	F		11	1274	1383	+2	−8	141	110
2022	09	27	HN	GT	2	1	F	US	10	1471	1448	+3	−2	84	91
2022	09	27	GH	NI	1	0	F	ES	3	1537	1253	+1	−3	75	148
2022	09	27	GQ	TG	2	2	F	MA	-3	1431	1315	−1	+3	95	129
2022	09	27	EG	LR	3	0	CRO		4	1643	1307	+2	−1	53	134
2022	09	27	EC	JP	0	0	F	DE	-1	1840	1800	−1	+1	18	24
2022	09	27	CD	SL	3	0	F	MA	13	1454	1333	+1	−3	90	123
2022	09	27	CR	UZ	2	1	F	KR	6	1736	1568	+1	−1	35	66
2022	09	27	CO	MX	3	2	F	US	8	1911	1812	0	0	15	22
2022	09	27	CL	QA	2	2	F	AT	-2	1702	1651	0	−1	40	51
2022	09	27	BF	KM	2	1	F	MA	3	1589	1246	0	−2	63	152
2022	09	27	BN	LA	1	0	FT		14	617	656	+2	−1	230	227
2022	09	27	BR	TN	5	1	F	FR	2	2169	1684	0	−2	1	45
2022	09	27	BH	PA	0	2	F		-14	1496	1655	−3	+2	81	50
2022	09	27	AR	JM	3	0	F	US	1	2141	1552	0	0	2	69
2022	09	27	DZ	NG	2	1	F		5	1719	1636	0	−2	39	54
2022	09	27	PG	FJ	1	0	MLN	VU	23	1223	1227	+5	−4	156	153
2022	09	27	KO	CY	5	1	ENC		15	1518	1350	+2	−1	78	117
2022	09	27	GR	EI	3	1	ENC		12	1701	1540	+1	−4	41	74
2022	09	27	SE	SI	1	1	ENB		-11	1736	1651	−1	+3	35	51
2022	09	27	SQ	UA	0	0	ENB	PL	4	1761	1822	+1	0	31	20
2022	09	27	NO	RS	0	2	ENB		-32	1747	1892	−4	0	33	16
2022	09	27	IE	AM	3	2	ENB		6	1683	1455	0	−2	46	89
2022	09	27	AL	IS	1	1	ENB		-5	1541	1565	−1	+1	73	67
2022	09	27	CH	CZ	2	1	ENA		9	1928	1787	+1	−1	12	27
2022	09	27	PT	ES	0	1	ENA		-26	2003	2044	−3	+3	7	3
2022	09	30	FJ	SB	1	0	MLN	VU	20	1247	1205	+2	−6	151	160
2022	10	01	VC	GD	1	5	F		-23	1063	1136	−3	+3	182	171
2022	10	13	QA	NI	2	1	F	ES	2	1653	1251	0	−1	51	149
2022	10	22	SA	NM	1	0	F	AE	8	1642	1557	+1	−1	54	68
2022	10	23	QA	GT	2	0	F	ES	7	1660	1441	+1	0	50	91
2022	10	26	AL	SA	1	1	F	AE	3	1544	1639	+1	0	72	54
2022	10	27	QA	HN	1	0	F	ES	5	1665	1466	+1	−3	49	87
2022	10	30	HN	SA	0	0	F	AE	5	1471	1634	+3	−1	84	55
2022	11	05	QA	PA	2	1	F	ES	10	1675	1645	0	−1	49	52
2022	11	05	BN	TL	6	2	SEQ		28	645	598	+2	−3	228	232
2022	11	06	SA	IS	1	0	F	AE	8	1642	1557	+1	0	54	67
2022	11	08	BN	TL	0	1	SEQ		-28	617	626	−2	+3	230	229
2022	11	09	QA	AL	1	0	F	ES	6	1681	1538	+2	−2	47	74
2022	11	09	MX	IQ	4	0	F	ES	8	1820	1566	+1	−1	21	66
2022	11	09	CR	NG	2	0	F		7	1743	1629	+1	−1	34	56
2022	11	09	CM	JM	1	1	F		-4	1605	1556	0	0	61	69
2022	11	10	PA	SA	1	1	F	AE	0	1645	1642	0	0	52	54
2022	11	10	IR	NI	1	0	F		0	1819	1251	0	0	22	149
2022	11	11	KR	IS	1	0	F		3	1787	1554	+1	−2	27	69
2022	11	11	BH	CA	2	2	F		5	1501	1764	+1	0	80	29
2022	11	12	EC	IQ	0	0	F	ES	-7	1833	1573	0	+1	18	65
2022	11	15	PA	VE	2	2	F	AE	1	1646	1680	0	−1	52	48
2022	11	15	DO	CU	2	4	F		-14	1172	1327	−3	+5	165	125
2022	11	16	UZ	KZ	2	0	F		5	1573	1396	+1	−1	65	101
2022	11	16	AE	AR	0	5	F		-2	1486	2143	+1	0	81	2
2022	11	16	TR	SQ	2	1	F		9	1701	1752	+1	0	41	31
2022	11	16	TN	IR	2	0	F	QA	21	1705	1798	+5	−2	40	24
2022	11	16	SE	MX	2	1	F	ES	12	1748	1808	+3	−1	33	22
2022	11	16	SA	HR	0	1	F		-5	1637	1926	0	0	54	13
2022	11	16	PL	CL	1	0	F		5	1813	1697	+2	−3	21	43
2022	11	16	PE	PY	1	0	F		5	1848	1735	0	−1	17	36
2022	11	16	OM	DE	0	1	F		-3	1546	1962	+1	0	69	10
2022	11	16	NI	SV	1	0	F		14	1265	1483	+5	−1	144	82
2022	11	16	NP	PK	1	0	F		6	936	872	+1	0	195	202
2022	11	16	MD	AZ	1	2	F		-9	1239	1399	−3	+5	153	100
2022	11	16	KO	AM	2	2	F		-4	1514	1459	−1	+1	79	88
2022	11	16	CI	BI	4	0	F	MA	3	1680	1253	+1	−4	48	149
2022	11	16	GI	LI	2	0	F		8	1060	977	+1	0	183	190
2022	11	16	CZ	FO	5	0	F		1	1788	1301	0	0	27	135
2022	11	16	CY	BG	0	2	F		-13	1337	1521	−5	+1	122	78
2022	11	16	AT	AD	1	0	F	ES	1	1729	1118	0	0	37	174
2022	11	16	DZ	ML	1	1	F		-5	1714	1617	0	+2	39	58
2022	11	16	AL	IT	1	3	F		-3	1535	1995	−1	0	75	8
2022	11	16	LT	IS	0	0	BLC		8	1255	1546	+5	0	146	69
2022	11	16	LV	EE	1	1	BLC		-1	1348	1422	+1	+1	117	97
2022	11	17	TJ	RU	0	0	F		8	1327	1755	+4	−2	125	32
2022	11	17	ZA	MZ	2	1	F		3	1546	1319	+2	−1	70	129
2022	11	17	LC	SM	1	1	F		-8	1047	785	0	0	184	210
2022	11	17	RW	SD	0	0	F		-2	1269	1310	0	0	142	133
2022	11	17	RO	SI	1	2	F		-12	1603	1663	−1	+1	61	50
2022	11	17	PT	NG	4	0	F		2	2005	1627	+1	0	6	56
2022	11	17	NM	FI	1	1	F		1	1558	1684	−1	−1	68	45
2022	11	17	MA	GE	3	0	F	AE	13	1763	1651	+2	−1	30	51
2022	11	17	ME	SK	2	2	F		-2	1544	1578	−4	0	73	64
2022	11	17	MT	GR	2	2	F		8	1263	1693	+1	−2	145	43
2022	11	17	LU	HU	2	2	F		7	1443	1820	+2	−1	91	20
2022	11	17	LY	NE	3	2	F	TR	8	1348	1247	+2	−4	117	150
2022	11	17	IL	ZM	4	2	F		5	1637	1465	+1	−1	54	87
2022	11	17	IE	NO	1	2	F		-11	1672	1758	−3	+3	49	31
2022	11	17	GH	CH	2	0	F	AE	27	1564	1901	+7	−3	67	15
2022	11	17	GA	GW	3	1	F	TR	12	1482	1379	+3	−6	83	111
2022	11	17	CA	JP	2	1	F	AE	11	1775	1789	0	−2	29	25
2022	11	17	JO	ES	1	3	F		-4	1590	2048	0	0	62	3
2022	11	17	BY	SY	1	0	F	AE	11	1425	1429	+3	−3	96	95
2022	11	17	AO	BW	1	0	F	ZA	9	1398	1361	+5	−2	101	116
2022	11	18	EG	BE	2	1	F	KW	18	1661	2006	+2	0	51	5
2022	11	18	DO	CU	1	1	F		2	1174	1325	0	−1	165	126
2022	11	18	CM	PA	1	1	F	AE	1	1606	1645	0	−1	60	53
2022	11	18	BH	RS	1	5	F		-6	1495	1898	0	0	80	16
2022	11	19	AE	KZ	2	1	F		5	1491	1391	0	−3	81	105
2022	11	19	TR	CZ	2	1	F		10	1711	1778	+2	−1	39	28
2022	11	19	SE	DZ	2	0	F		9	1757	1705	+2	−1	32	40
2022	11	19	SR	GF	1	3	F		-19	1306	1347	−9	+4	135	120
2022	11	19	RW	SD	1	0	F		8	1277	1302	+1	−3	141	136
2022	11	19	PE	BO	1	0	F		3	1851	1616	0	−1	17	58
2022	11	19	KW	LB	2	0	F	AE	17	1316	1321	+7	−6	129	127
2022	11	19	KO	FO	1	1	F		-7	1507	1308	0	+2	79	133
2022	11	19	GT	NI	3	1	F	US	8	1449	1257	+1	−2	91	146
2022	11	19	GI	AD	1	0	F		9	1069	1109	+2	0	181	174
2022	11	19	CO	PY	2	0	F	US	8	1919	1727	+1	−1	13	37
2022	11	19	BF	CI	2	1	F	MA	13	1602	1667	+1	−2	62	49
2022	11	19	AL	AM	2	0	F		8	1543	1451	+2	−2	73	90
2022	11	19	LV	IS	1	1	BLC		4	1352	1542	0	−4	117	74
2022	11	19	EE	LT	2	0	BLC		8	1430	1247	+3	−2	95	149
2022	11	20	VE	SY	2	1	F	AE	4	1684	1425	+1	0	46	96
2022	11	20	UZ	RU	0	0	F		2	1575	1753	0	+1	65	32
2022	11	20	ZA	AO	1	1	F		-6	1540	1404	−2	0	72	101
2022	11	20	SI	ME	1	0	F		4	1667	1540	+2	0	48	72
2022	11	20	SK	CL	0	0	F		1	1579	1696	0	0	64	42
2022	11	20	LC	SM	1	0	F		2	1049	783	0	0	184	210
2022	11	20	OM	BY	2	0	F	AE	10	1556	1415	+2	−3	68	100
2022	11	20	NO	FI	1	1	F		-5	1753	1689	−1	+2	32	43
2022	11	20	NM	AZ	1	3	F		-24	1534	1423	−8	+2	76	98
2022	11	20	MD	RO	0	5	F		-7	1232	1610	0	+1	153	60
2022	11	20	MT	IE	0	1	F		-3	1260	1675	−1	+1	145	47
2022	11	20	LU	BG	0	0	F		-1	1442	1522	0	0	92	78
2022	11	20	IL	CY	2	3	F		-18	1619	1355	−2	+5	56	117
2022	11	20	HU	GR	2	1	F		4	1824	1689	+1	0	19	43
2022	11	20	GM	GW	0	0	F	TR	-1	1421	1380	0	0	99	111
2022	11	20	GA	NE	3	1	F	TR	6	1488	1241	+1	−3	82	152
2022	11	20	AT	IT	2	0	F		22	1751	1973	+1	0	35	8
2022	11	20	QA	EC	0	2	WC		-38	1643	1871	−7	+1	53	17
2022	11	21	US	WA	1	1	WC	QA	-1	1795	1790	+1	+1	23	24
2022	11	21	NL	SN	2	0	WC	QA	10	2050	1675	+1	−1	3	46
2022	11	21	EN	IR	6	2	WC	QA	37	1956	1761	+2	−7	11	30
2022	11	22	SA	AR	2	1	WC	QA	57	1694	2086	+11	0	43	2
2022	11	22	MX	PL	0	0	WC	QA	0	1808	1813	0	0	22	21
2022	11	22	FR	AU	4	1	WC	QA	17	2022	1704	+1	−3	5	41
2022	11	22	DK	TN	0	0	WC	QA	-19	1951	1724	−2	+2	11	38
2022	11	23	ES	CR	7	0	WC	QA	20	2068	1723	+1	−2	3	38
2022	11	23	JP	DE	2	1	WC	QA	44	1833	1918	+6	−4	19	13
2022	11	23	HR	MA	0	0	WC	QA	-13	1913	1776	−1	+1	14	28
2022	11	23	BE	CA	1	0	WC	QA	13	2019	1762	0	−1	6	29
2022	11	24	CH	CM	1	0	WC	QA	9	1910	1597	0	−1	15	62
2022	11	24	KR	UY	0	0	WC	QA	12	1799	1923	+2	0	24	11
2022	11	24	PT	GH	3	2	WC	QA	4	2009	1560	0	0	7	67
2022	11	24	BR	RS	2	0	WC	QA	16	2185	1882	0	0	1	16
2022	11	24	SR	BQ	4	1	ABS	CW	8	1314	989	+4	−1	131	188
2022	11	24	CW	AW	2	2	ABS		-14	1369	941	−4	+3	113	194
2022	11	25	QA	SN	1	3	WC		-54	1589	1729	−9	+11	63	36
2022	11	25	IR	WA	2	0	WC	QA	49	1810	1741	+7	−9	23	35
2022	11	25	EN	US	0	0	WC	QA	-13	1943	1808	−1	+1	10	24
2022	11	25	EC	NL	1	1	WC	QA	14	1885	2036	+1	0	16	4
2022	11	26	PL	SA	2	0	WC	QA	30	1843	1664	+3	−6	19	50
2022	11	26	FR	DK	2	1	WC	QA	24	2046	1927	+1	−1	4	10
2022	11	26	AU	TN	1	0	WC	QA	32	1736	1692	+6	−5	36	43
2022	11	26	AR	MX	2	0	WC	QA	15	2101	1793	0	−2	2	26
2022	11	26	CW	SR	2	2	ABS		-6	1363	1320	−2	+3	115	128
2022	11	26	AW	BQ	1	0	ABS	CW	17	958	972	+1	−2	193	190
2022	11	27	MA	BE	2	0	WC	QA	72	1848	1947	+9	−2	19	8
2022	11	27	DE	ES	1	1	WC	QA	12	1930	2056	+2	0	11	3
2022	11	27	HR	CA	4	1	WC	QA	31	1944	1731	+5	−8	9	37
2022	11	27	CR	JP	1	0	WC	QA	39	1762	1794	+10	−6	29	26
2022	11	28	PT	UY	2	0	WC	QA	34	2043	1889	+1	−2	5	15
2022	11	28	GH	KR	3	2	WC	QA	48	1608	1751	+6	−8	61	33
2022	11	28	CM	RS	3	3	WC	QA	20	1617	1862	+5	0	56	17
2022	11	28	BR	CH	1	0	WC	QA	10	2195	1900	0	+1	1	14
2022	11	29	US	IR	1	0	WC	QA	30	1838	1780	+3	−3	21	26
2022	11	29	SN	EC	2	1	WC	QA	43	1772	1842	+10	−4	28	20
2022	11	29	QA	NL	0	2	WC		-11	1578	2047	−1	+2	65	4
2022	11	29	EN	WA	3	0	WC	QA	25	1968	1716	+2	−4	8	39
2022	11	30	TN	FR	1	0	WC	QA	53	1745	1993	+6	−1	37	6
2022	11	30	MX	SA	2	1	WC	QA	19	1812	1645	+1	−2	24	52
2022	11	30	AU	DK	1	0	WC	QA	45	1781	1882	+10	−3	26	15
2022	11	30	AR	PL	2	0	WC	QA	17	2118	1826	0	−2	2	21
2022	12	01	MA	CA	2	1	WC	QA	20	1868	1711	+2	−2	16	40
2022	12	01	JP	ES	2	1	WC	QA	49	1843	2007	+6	−2	19	5
2022	12	01	DE	CR	4	2	WC	QA	25	1955	1737	+2	−7	9	37
2022	12	01	BE	HR	0	0	WC	QA	0	1947	1944	−1	−1	10	11
2022	12	02	UY	GH	2	0	WC	QA	15	1904	1593	0	−1	14	62
2022	12	02	CH	RS	3	2	WC	QA	27	1927	1835	+1	−4	12	21
2022	12	02	KR	PT	2	1	WC	QA	51	1802	1992	+8	−2	26	6
2022	12	02	CM	BR	1	0	WC	QA	58	1675	2137	+9	0	47	1
2022	12	03	NL	US	3	1	WC	QA	21	2068	1817	0	−4	3	24
2022	12	03	AR	AU	2	1	WC	QA	8	2126	1773	0	−2	2	29
2022	12	04	FR	PL	3	1	WC	QA	25	2018	1801	+1	−5	4	26
2022	12	04	EN	SN	3	0	WC	QA	26	1994	1746	+2	−5	6	35
2022	12	05	HR	JP	1	1	WC	QA	-8	1936	1851	0	+1	11	17
2022	12	05	BR	KR	4	1	WC	QA	13	2150	1789	0	−1	1	26
2022	12	06	PT	CH	6	1	WC	QA	49	2041	1878	+3	−4	4	16
2022	12	06	MA	ES	0	0	WC	QA	11	1879	1996	+1	−1	15	6
2022	12	09	MY	KH	4	0	F		2	1212	848	0	0	159	205
2022	12	09	BR	HR	1	1	WC	QA	-16	2134	1952	0	+1	1	10
2022	12	09	AR	NL	2	2	WC	QA	-5	2121	2073	0	0	2	3
2022	12	10	MA	PT	1	0	WC	QA	43	1922	1998	+3	−1	12	5
2022	12	10	FR	EN	2	1	WC	QA	28	2046	1966	+1	−1	4	8
2022	12	11	TH	MM	6	0	F		2	1395	932	+1	0	102	197
2022	12	13	AR	HR	3	0	WC	QA	29	2150	1923	+1	−1	1	11
2022	12	14	VN	PH	1	0	F		2	1396	1097	+1	0	102	177
2022	12	14	TH	TW	0	1	F		-19	1376	901	−9	+1	111	199
2022	12	14	MY	MV	3	0	F		4	1216	935	+1	−1	158	196
2022	12	14	FR	MA	2	0	WC	QA	30	2076	1892	+1	−2	3	14
2022	12	17	SG	MV	3	1	F		5	1130	930	0	−1	172	197
2022	12	17	HR	MA	2	1	WC	QA	27	1950	1865	+1	−2	10	16
2022	12	18	AR	FR	3	3	WC	QA	-6	2144	2082	0	0	1	3
2022	12	20	TH	BN	5	0	SEA	MY	1	1377	616	0	0	111	230
2022	12	20	KH	PH	3	2	SEA		28	876	1069	+3	−3	202	180
2022	12	21	MM	MY	0	1	SEA		-10	922	1226	−1	+4	197	154
2022	12	21	LA	VN	0	6	SEA		-2	654	1398	0	0	227	102
2022	12	23	OM	SY	2	1	F	AE	6	1562	1419	0	−3	68	99
2022	12	23	PH	BN	5	1	SEA		3	1072	613	0	−1	180	231
2022	12	23	ID	KH	2	1	SEA		2	1276	874	0	0	142	202
2022	12	24	SG	MM	3	2	SEA		6	1136	916	+1	0	171	197
2022	12	24	MY	LA	5	0	SEA		2	1228	652	0	0	154	227
2022	12	26	TH	PH	4	0	SEA		7	1384	1065	+3	−2	108	182
2022	12	26	ID	BN	7	0	SEA	MY	2	1278	611	+1	−1	141	232
2022	12	27	VN	MY	3	0	SEA		12	1410	1216	+1	−4	101	158
2022	12	27	LA	SG	0	2	SEA		-6	646	1142	0	+2	227	169
2022	12	29	ID	TH	1	1	SEA		0	1278	1384	0	0	141	108
2022	12	29	KH	BN	5	1	SEA		8	882	603	+1	0	201	232
2022	12	30	AE	LB	1	0	F		3	1494	1318	0	−2	81	129
2022	12	30	OM	SY	1	0	F	AE	6	1568	1413	0	−1	68	100
2022	12	30	IQ	KW	1	0	F		2	1575	1314	+1	−1	66	131
2022	12	30	SG	VN	0	0	SEA		9	1151	1401	0	−1	169	102
2022	12	30	MM	LA	2	2	SEA		-16	900	662	−2	+1	199	226